"";"label";"infered";"expected";"errorpercent";"Booleand_outliers"
"1";"Acanthocybium_solandri";12,9453434840358;13,9521327940072;7,21602442318957;0
"2";"Acanthopagrus_australis";14,1130075526437;14,3162858458768;1,41990943336499;0
"3";"Acanthostracion_quadricornis";10,3890029069167;11,6310284494375;10,6785530438701;0
"4";"Acroteriobatus_annulatus";1,37840591640986;1,79175946922805;23,0697010350545;0
"5";"Alepocephalus_bairdii";10,6543903569478;8,23044401701306;-29,4509790106612;0
"6";"Alosa_fallax";12,0350473214192;11,8313791960888;-1,72142336032749;0
"7";"Anguilla_australis";15,2261421683372;15,8304135785065;3,81715491621609;0
"8";"Anodontostoma_chacunda";10,559268873161;13,4396775503821;21,4321263767166;0
"9";"Apogon_maculatus";7,85194580655117;4,47163879336357;-75,5943663921238;0
"10";"Apristurus_kampae";1,86599984424441;0,693147180559945;-169,206872159099;0
"11";"Apristurus_macrorhynchus";1,86599984424441;0,693147180559945;-169,206872159099;0
"12";"Ariopsis_felis";5,34395158960432;4,00733318523247;-33,3543117726636;0
"13";"Bathylagus_pacificus";8,25619759053035;8,15822991695949;-1,20084472450578;0
"14";"Brevitrygon_imbricata";1,00547620400203;1,32175583998232;23,9287488969612;0
"15";"Brosmophycis_marginata";7,89381558203574;5,29831736654804;-48,9872168072619;0
"16";"Canthigaster_valentini";10,8257415813247;7,0475172213573;-53,6107148275934;1
"17";"Carcharhinus_amblyrhynchoides";1,62692659523026;1,46633706879343;-10,951747033782;0
"18";"Carcharhinus_isodon";1,62692659523026;1,25276296849537;-29,867072714025;0
"19";"Carcharhinus_signatus";1,62692659523026;2,07944154167984;21,7613689723648;0
"20";"Cirrhigaleus_asper";2,26697946370471;3,06805293513362;26,1101580828501;0
"21";"Clupeonella_engrauliformis";9,06618906353181;10,364324293957;12,5250348561756;0
"22";"Coryphaenoides_acrolepis";10,4379829785761;12,109010932687;13,7998715452485;0
"23";"Cottus_kazika";7,92554465476629;9,61580548008435;17,5779431979861;0
"24";"Cygnodraco_mawsoni";7,89959405610016;8,69114649853968;9,10757220088881;0
"25";"Cynoglossus_lingua";10,0776152046042;9,80604009037016;-2,76946771307548;0
"26";"Etroplus_suratensis";8,16827887080057;8,20248244657654;0,416990539129339;0
"27";"Euthynnus_affinis";13,3483683555981;12,9813227178187;-2,82749027782491;0
"28";"Foa_brachygramma";7,50622837338357;8,47637119689598;11,4452611970046;0
"29";"Fundulus_xenicus";5,28314404043227;3,31418600467253;-59,410003934112;0
"30";"Galeocerdo_cuvier";1,78210838939897;3,51154543883102;49,2500262222941;0
"31";"Haemulon_plumierii";12,2749726792538;12,1441972418121;-1,07685534776597;0
"32";"Hemiramphus_balao";9,02896267545529;8,22523532410167;-9,77148154045551;0
"33";"Herklotsichthys_quadrimaculatus";10,5818715541212;8,45245909559963;-25,1928158946093;0
"34";"Hexanchus_griseus";2,51466968564744;4,17438726989564;39,7595497719524;0
"35";"Hippocampus_ingens";5,51122525889556;7,09007683577609;22,2684692063384;0
"36";"Hippoglossoides_elassodon";13,0814796719073;12,7248664389453;-2,80249097051864;0
"37";"Histiobranchus_bathybius";10,1680794569533;13,4509474411765;24,4062211868702;0
"38";"Hoplostethus_mediterraneus";10,4108471898383;10,8589989975636;4,12700846390952;0
"39";"Hypanus_marianae";0,796076359335699;0,693147180559945;-14,8495415782554;0
"40";"Hyperprosopon_ellipticum";3,90638315034417;2,99573227355399;-30,3982730642958;0
"41";"Hypogaleus_hyugaensis";2,07419055748508;2,35137525716348;11,7881949652211;0
"42";"Ilisha_elongata";9,98743329303382;11,895121946139;16,0375712140084;0
"43";"Indonotothenia_cyanobrancha";9,89668550456455;10,1266311038503;2,270701844746;0
"44";"Isogomphodon_oxyrhynchus";1,90225605452984;1,79175946922805;-6,16693184545554;0
"45";"Johnius_dussumieri";10,9851389403765;11,005743196119;0,187213669947952;0
"46";"Katsuwonus_pelamis";12,9453434840358;14,7173287155388;12,0401281085209;0
"47";"Lampanyctus_alatus";7,89051284534398;6,505036396542;-21,2985195523039;0
"48";"Leptagonus_decagonus";7,10770288537114;7,23056315340929;1,69917979321182;0
"49";"Lestrolepis_japonica";9,69669354397373;5,99146454710798;-61,8417912303967;0
"50";"Liopsetta_glacialis";11,4290974457847;11,7791285057449;2,97162103112708;0
"51";"Liparis_pulchellus";7,04660494134743;7,94449216393216;11,3020090404409;0
"52";"Lophius_budegassa";13,1270230314798;12,0874298653994;-8,60061384146073;0
"53";"Loxodon_macrorhinus";1,90225605452984;1,09861228866811;-73,150807992146;0
"54";"Lutjanus_fulviflamma";13,3754670788874;12,0523181372166;-10,9783771603657;0
"55";"Lutjanus_lutjanus";13,3754670788874;9,25789167383441;-44,4763835019857;1
"56";"Lutjanus_sanguineus";13,3754670788874;14,3196136359694;6,59338010845768;0
"57";"Micromesistius_australis";11,7898172739196;12,7782473345224;7,7352553501794;0
"58";"Molva_molva";13,9781238472418;17,6585406919055;20,8421347430525;1
"59";"Monotaxis_grandoculis";11,8654770716578;11,3006600318032;-4,99808894582305;0
"60";"Muraenesox_bagio";9,02267958358984;12,3604618683324;27,0037019675938;0
"61";"Mustelus_californicus";2,04022316442883;2,39789527279837;14,9160854699102;0
"62";"Mustelus_lenticulatus";2,04022316442883;2,54553127160444;19,850791573938;0
"63";"Mustelus_mento";2,04022316442883;1,94591014905531;-4,84673022643448;0
"64";"Mustelus_palumbes";2,04022316442883;1,70474809223843;-19,678864796376;0
"65";"Neodraco_loennbergi";7,48713730224838;4,91265488573605;-52,405114472571;0
"66";"Notorynchus_cepedianus";2,46439001383333;4,48300255201388;45,0281371638688;0
"67";"Notothenia_rossii";10,0874863565663;11,0526622435553;8,7325195117745;0
"68";"Oncorhynchus_masou";8,14888098817626;7,63530388625941;-6,7263478908952;0
"69";"Osmerus_dentex";10,1405338356275;10,7600282800045;5,75736818023253;0
"70";"Ostorhinchus_sealei";7,87580950896817;6,90775527898214;-14,0140203422011;0
"71";"Oxyurichthys_tentacularis";8,2156182635297;10,2671405928299;19,9814379743946;0
"72";"Pachycara_brachycephalum";6,52336690686929;4,08597631255158;-59,652587481488;0
"73";"Paralichthys_lethostigma";14,7665566363877;10,5966347330961;-39,351379077622;1
"74";"Paralichthys_olivaceus";14,7665566363877;16,9575053384965;12,920230059636;0
"75";"Pellonula_leonensis";8,66881719365718;7,29641326877392;-18,8092953938981;0
"76";"Pliotrema_warreni";2,46088539039031;1,79175946922805;-37,344628710155;0
"77";"Pomatoschistus_marmoratus";7,43087720871713;6,64183469831187;-11,8798878057867;0
"78";"Priacanthus_tayenus";12,0027374453224;12,1248707245618;1,007295516908;0
"79";"Pseudobalistes_flavimarginatus";11,2590221072251;12,9715404876697;13,2021203038487;0
"80";"Pungitius_platygaster";6,31961993657813;4,49980967033027;-40,4419386501361;0
"81";"Rastrelliger_kanagurta";11,0609887247645;10,7089361051832;-3,2874658707778;0
"82";"Rhacochilus_toxotes";4,89178596848876;3,04452243772342;-60,6749849459692;0
"83";"Rhinoptera_javanica";0,7201458453511;0,405465108108164;-77,6098191805422;0
"84";"Rhizoprionodon_lalandii";1,5976404813396;0,916290731874155;-74,3595592276516;0
"85";"Rhizoprionodon_porosus";1,5976404813396;1,38629436111989;-15,2453999776049;0
"86";"Rhizoprionodon_terraenovae";1,5976404813396;1,38629436111989;-15,2453999776049;0
"87";"Sarda_sarda";13,0366949018073;11,529949726376;-13,0680983975538;0
"88";"Sardinella_aurita";10,038258326299;11,0135140798526;8,85508246035359;0
"89";"Sciades_herzbergii";5,84771355199056;5,7037824746562;-2,52343209043987;0
"90";"Scoliodon_laticaudus";2,12681565584666;2,17475172148416;2,20420865351866;0
"91";"Scomberomorus_maculatus";13,4392901857949;13,6488654805553;1,53547776596501;0
"92";"Scyliorhinus_canicula";1,04531358677465;4,04480411666196;74,1566326421436;1
"93";"Sebastes_ruberrimus";12,2535162678696;14,8087623309746;17,2549603133298;0
"94";"Silhouettea_aegyptia";7,95931738766583;6,02041636905775;-32,2054306504973;0
"95";"Sillago_aeolus";11,8825512209878;11,1683202451188;-6,3951512867941;0
"96";"Sillago_sihama";11,8825512209878;11,4153457116312;-4,0927845827793;0
"97";"Sphyrna_corona";2,9073314183548;0,693147180559945;-319,439261948115;0
"98";"Spratelloides_gracilis";7,73096682927539;7,29386765857449;-5,99269401587041;0
"99";"Spratelloides_lewisi";7,73096682927539;6,94280062072494;-11,3522806084579;0
"100";"Squalus_blainville";1,52198758857688;1,25276296849537;-21,4904676185362;0
"101";"Squatina_guggenheim";2,09216919259397;1,6094379124341;-29,993780836801;0
"102";"Stenotomus_chrysops";12,5515817450402;8,96954188542325;-39,9355943187942;1
"103";"Stereolepis_gigas";12,7621333523581;13,8155105579643;7,62459846262398;0
"104";"Stolephorus_waitei";7,91034115385167;7,41878088275079;-6,62589014111192;0
"105";"Tenualosa_reevesii";12,5369353856061;14,7994599383122;15,2878859237895;0
"106";"Thunnus_alalunga";15,2681901217953;13,8831692064381;-9,97625898497959;0
"107";"Trematomus_nicolai";8,70264108552062;9,09380655572023;4,30144920944637;0
"108";"Trimmatom_nanus";7,83806709864941;3,98898404656427;-96,4928163952015;0
"109";"Upeneus_moluccensis";10,3401894611658;10,9743060359942;5,77819292398614;0
"110";"Urobatis_concentricus";0,75182917855141;2,56494935746154;70,6883421941915;0
"111";"Urolophus_kapalensis";1,26421116892743;0;-Inf;0
"112";"Urolophus_viridis";1,26421116892743;0,693147180559945;-82,3871184048044;0
"113";"Valenciennea_strigata";7,89943768205222;11,6312461338537;32,0843391056763;0
"114";"Vanacampus_poecilolaemus";4,14792489775715;4,11087386417331;-0,901293369926626;0
"115";"Zenopsis_nebulosa";10,9831905423965;12,586219945654;12,7363847936808;0
"116";"Zoarces_elongatus";5,47237502166874;4,20469261939097;-30,1492288980065;0
"117";"Akarotaxis_nudiceps";8,29463533237871;5,29831736654804;-56,5522553395633;0
"118";"Albatrossia_pectoralis";10,9345633870028;11,9133780312548;8,21609657381873;0
"119";"Albula_vulpes";9,97571972109219;13,8643007221337;28,0474369315545;0
"120";"Amphiprion_clarkii";6,94871923289461;7,46737106691756;6,94557467916274;0
"121";"Amphiprion_melanopus";6,94871923289461;8,88183630500415;21,7648356232415;0
"122";"Apeltes_quadracus";6,92666310096743;2,94443897916644;-135,245598566568;1
"123";"Aspidophoroides_olrikii";6,88609543224959;5,56068163101553;-23,8354556002877;0
"124";"Awaous_melanocephalus";7,68646861141193;11,8947807074393;35,3794844943664;0
"125";"Bagre_marinus";5,70586514964673;4,24849524204936;-34,3032020648886;0
"126";"Benthosema_glaciale";6,92176477328001;6,52502965784346;-6,08020401807143;0
"127";"Benthosema_suborbitale";6,92176477328001;5,39816270151775;-28,2244562827624;0
"128";"Boleophthalmus_boddarti";8,50603017014523;9,58190392840867;11,228183524922;0
"129";"Carcharhinus_albimarginatus";1,61746106378887;1,73460105538811;6,75313734160218;0
"130";"Cephalopholis_fulva";11,8610214140711;12,0639328783691;1,68196778234587;0
"131";"Cephalurus_cephalus";1,69489232241608;0,693147180559945;-144,521274839046;0
"132";"Chaetodon_sedentarius";10,0793298322142;9,63887075301534;-4,56961287774369;0
"133";"Chelon_ramada";13,4022856710911;13,0005761795297;-3,08993606140256;0
"134";"Clinus_acuminatus";7,25151477248428;7,952615111651;8,81597222201249;0
"135";"Clupea_harengus";10,1988087971931;10,6963379174946;4,65139680645051;0
"136";"Coregonus_peled";10,1452632278538;10,9150884642146;7,05285384433385;0
"137";"Cottunculus_microps";10,1566230441335;4,41279829334063;-130,162866484537;1
"138";"Cyclothone_braueri";7,21978983465892;5,99146454710798;-20,5012527052979;0
"139";"Cynoglossus_bilineatus";9,15643839796154;11,6434272730344;21,3595947031215;0
"140";"Cynoscion_othonopterus";13,2874359831058;13,4361414674567;1,10675735821237;0
"141";"Dasyatis_marmorata";1,54948874804974;0,916290731874155;-69,104487707789;0
"142";"Diplocrepis_puniceus";5,84871630361028;7,82404601085629;25,2469081151253;0
"143";"Epinephelus_diacanthus";12,9386674366152;9,57948721741024;-35,0663886590904;1
"144";"Epinephelus_guttatus";12,9386674366152;13,8344549739652;6,47504754640328;0
"145";"Epinephelus_striatus";12,9386674366152;14,990740618982;13,6889379552626;0
"146";"Epinephelus_tauvina";12,9386674366152;18,9523525356307;31,7305468421911;1
"147";"Eridacnis_radcliffei";0,821358224932164;0,405465108108164;-102,571863400156;0
"148";"Eusphyra_blochii";2,22170360188629;2,484906649788;10,5920698439181;0
"149";"Evynnis_tumifrons";12,376092821887;10,8227937333707;-14,3521083999495;0
"150";"Galaxias_fasciatus";9,10090299888445;9,52515111181622;4,45397776845217;0
"151";"Galaxias_platei";9,10090299888445;9,85744361403472;7,67481554825361;0
"152";"Gilchristella_aestuaria";9,32092506214833;7,60090245954208;-22,6291892543227;0
"153";"Ginglymostoma_cirratum";2,57947407456419;3,19867311755068;19,3579969015599;0
"154";"Girella_nigricans";11,9906417192103;9,21034037197618;-30,1867383282989;0
"155";"Glaucosoma_hebraicum";12,2698006049375;14,3162858458768;14,2948056707648;0
"156";"Gymnothorax_javanicus";9,08898607830714;12,4292161968444;26,8740205789107;0
"157";"Hexagrammos_otakii";11,3818075099365;10,5095779005279;-8,29937812597391;0
"158";"Hippoglossus_hippoglossus";13,6752425801549;14,6909792953182;6,91401638205972;0
"159";"Hyperoplus_lanceolatus";9,27206723339601;10,4631033404715;11,3832012197427;0
"160";"Hypomesus_pretiosus";9,24672481766787;9,92308007372795;6,81598103648058;0
"161";"Isurus_paucus";2,04881278818098;0,693147180559945;-195,581204921859;0
"162";"Lamiopsis_temminckii";1,79353974430316;1,79175946922805;-0,0993590437603167;0
"163";"Latris_lineata";11,7422126296083;14,0608393860059;16,4899597580584;0
"164";"Lebetus_scorpioides";7,99647815102299;5,59842195899838;-42,8345024649348;0
"165";"Lepidonotothen_squamifrons";9,82579942678998;12,3137885101745;20,2049034814003;0
"166";"Lepidophanes_guentheri";7,57548267052958;7,29878333929253;-3,79103363361202;0
"167";"Lopholatilus_chamaeleonticeps";13,5015901153587;12,1807548375459;-10,8436241877348;0
"168";"Lutjanus_campechanus";13,1470882119719;16,808918211682;21,7850426398361;1
"169";"Lutjanus_gibbus";13,1470882119719;9,68178046900788;-35,7920503780966;1
"170";"Macruronus_novaezelandiae";13,0225419949541;13,8155105579643;5,73969785396801;0
"171";"Megalaspis_cordyla";12,5548028071211;12,3218061749754;-1,89092920986614;0
"172";"Menidia_menidia";10,8075090854434;5,40717177146012;-99,8736038401274;1
"173";"Microstomus_pacificus";12,7820684518212;11,8287016753332;-8,05977530463963;0
"174";"Nasolamia_velox";1,82000849223067;1,6094379124341;-13,0834857418081;0
"175";"Nebrius_ferrugineus";2,57947407456419;1,38629436111989;-86,0697227737704;0
"176";"Nectamia_fusca";7,21295035231232;8,69951474821019;17,0879001751645;0
"177";"Negaprion_brevirostris";1,88295932064299;2,35137525716348;19,9209349972301;0
"178";"Neopagetopsis_ionah";8,82534648991002;7,88419993367604;-11,9371218912655;0
"179";"Notothenia_coriiceps";10,4416617536872;10,0841619201252;-3,54516157508863;0
"180";"Notothenia_neglecta";10,4416617536872;10,0642250629153;-3,75028070628786;0
"181";"Nototheniops_mizops";8,90534286598504;9,14313162228273;2,6007364448104;0
"182";"Nototheniops_tchizh";8,90534286598504;7,85127199710988;-13,4254789448534;0
"183";"Okamejei_kenojei";2,91684077586524;4,55387689160054;35,94818557249;0
"184";"Oncorhynchus_gorbuscha";8,12932058425846;6,88323487378544;-18,1031990527985;0
"185";"Oncorhynchus_tshawytscha";8,12932058425846;9,0442857876461;10,1165003502811;0
"186";"Ostorhinchus_cyanosoma";7,85010621232074;7,49554194388426;-4,7303353258636;0
"187";"Ostorhinchus_hartzfeldii";7,85010621232074;8,50714285556274;7,72335265079475;0
"188";"Ostorhinchus_maculiferus";7,85010621232074;9,74096862303835;19,4114413452224;0
"189";"Ostorhinchus_rueppellii";7,85010621232074;5,28320372873799;-48,5860969097232;0
"190";"Oxylebius_pictus";8,60636178050758;11,6262541502772;25,9747665132335;0
"191";"Oxymonacanthus_longirostris";10,7567085037453;5,52146091786225;-94,8163477703286;1
"192";"Pagellus_acarne";12,4230072121358;12,5246678211904;0,811683076197842;0
"193";"Pagrus_pagrus";13,6680616682231;12,5010902470801;-9,33495717635965;0
"194";"Paragaleus_pectoralis";1,1650819492082;0,916290731874155;-27,1519953961746;0
"195";"Paralabrax_clathratus";12,4169596267192;14,7555178164557;15,8487029653984;0
"196";"Paroncheilus_affinis";7,39005772388243;9,34574500898239;20,9259645241798;0
"197";"Patagonotothen_guntheri";10,0071554409649;9,7981270368783;-2,13335062201026;0
"198";"Pellona_dayi";10,0623965595251;11,0974100210086;9,32662179304997;0
"199";"Pellonula_vorax";9,02205497914421;6,76503897678054;-33,3629415899948;0
"200";"Pholis_nebulosa";7,3629737162587;8,64822145382264;14,8614110360905;0
"201";"Poecilia_latipinna";7,43661438183227;5,10796363805682;-45,5886319633497;0
"202";"Pronotogrammus_martinicensis";8,76649171222475;5,6021188208797;-56,4852869516279;0
"203";"Pseudaspius_brandtii";9,95490494922547;9,43348392329039;-5,52734313404341;0
"204";"Pseudocyttus_maculatus";10,6599776655091;10,9681982895286;2,8101299400628;0
"205";"Raja_polystigma";3,65044259023717;3,71357206670431;1,69996637558634;0
"206";"Rhina_ancylostomus";2,25994766693672;1,38629436111989;-63,0207645879095;0
"207";"Rhinoptera_steindachneri";0,942275039669798;0;-Inf;0
"208";"Rostroraja_eglanteria";3,95440496231154;3,41772668361337;-15,7027851662723;0
"209";"Sardinella_lemuru";10,2724032351706;8,80851861878282;-16,6189648877652;0
"210";"Scyliorhinus_hesperius";1,46578336230396;0,693147180559945;-111,467838781347;0
"211";"Scymnodon_macracanthus";2,79767040251629;3,58351893845611;21,9295209383877;0
"212";"Sebastes_aleutianus";12,2084962779187;13,7542200895212;11,238178548416;0
"213";"Sebastes_auriculatus";12,2084962779187;13,4269025669225;9,07436605673578;0
"214";"Sebastes_constellatus";12,2084962779187;12,7522654131335;4,26409831977599;0
"215";"Sebastes_hopkinsi";12,2084962779187;10,2035921449865;-19,6490030613121;0
"216";"Sebastes_melanostomus";12,2084962779187;13,5528462484878;9,91931839202485;0
"217";"Sebastes_miniatus";12,2084962779187;14,8393993004364;17,7291746738046;0
"218";"Siganus_vermiculatus";12,8388324429302;12,7656884334656;-0,572973481577774;0
"219";"Sphyrna_tudes";2,57412827120037;2,01490302054226;-27,7544499639297;0
"220";"Sphyrna_zygaena";2,57412827120037;3,51650822817315;26,7987417012914;0
"221";"Syngnathus_phlegon";4,52456737516684;5,85793315448346;22,7617103874958;0
"222";"Tautoga_onitis";9,90995145349314;15,489799442718;36,0227258581326;1
"223";"Thorogobius_ephippiatus";8,21666011495403;9,39266192877014;12,52043161709;0
"224";"Thryssa_hamiltonii";8,92185363177344;9,4902800492898;5,98956421269041;0
"225";"Thunnus_tonggol";15,1704513419692;13,4576091479377;-12,7276856921795;0
"226";"Trichodon_trichodon";8,20689962829189;7,3132203870903;-12,2200507286662;0
"227";"Trygonorrhina_dumerilii";2,20426180862505;1,38629436111989;-59,0038790062149;0
"228";"Upeneus_pori";10,2515212033767;10,5987948982584;3,27653943882586;0
"229";"Uranoscopus_scaber";9,06809164731219;10,4117950083769;12,9055879412111;0
"230";"Urolophus_cruciatus";1,01563990058382;1,09861228866811;7,5524722361226;0
"231";"Urotrygon_microphthalmum";1,14471334428581;0,693147180559945;-65,147226504056;0
"232";"Ablennes_hians";9,18265579921477;6,49223983502047;-41,4404894545276;0
"233";"Acanthopagrus_bifasciatus";14,0644177673462;14,0303557731303;-0,242773560176804;0
"234";"Acanthopagrus_butcheri";14,0644177673462;14,3162858458768;1,75931160667025;0
"235";"Acanthopagrus_latus";14,0644177673462;14,409629354759;2,39570067288919;0
"236";"Acyrtops_beryllinus";6,67497005700189;3,68887945411394;-80,9484462702564;0
"237";"Alosa_alosa";12,0343293253895;12,6523597481586;4,88470479081222;0
"238";"Alosa_chrysochloris";12,0343293253895;12,5814633518315;4,34873123373485;0
"239";"Alosa_immaculata";12,0343293253895;10,7335338859447;-12,1189857251782;0
"240";"Alosa_pseudoharengus";12,0343293253895;11,5405406320032;-4,27873103290299;0
"241";"Amphichthys_cryptocentrus";7,8098719079739;5,7268477475872;-36,3729620935759;0
"242";"Anchoa_filifera";9,72920915508585;7,40488757561612;-31,3890191543703;0
"243";"Argyrosomus_japonicus";13,4953536824209;13,7860817472735;2,10885203049153;0
"244";"Artediellus_scaber";6,17499917894608;4,31748811353631;-43,0229572511398;0
"245";"Atheresthes_stomias";12,5274461576107;14,0740212531158;10,9888642889658;0
"246";"Aulorhynchus_flavidus";8,72329684759694;7,09007683577609;-23,0352935468869;0
"247";"Auxis_rochei";13,3410553460776;11,4814347978789;-16,1967609531019;0
"248";"Bathydraco_marri";8,00548162133241;7,53822886501402;-6,19844216307859;0
"249";"Bathymaster_derjugini";8,7930948257034;9,88938862815663;11,085556890058;0
"250";"Bellottia_apoda";7,57685693845048;4,65396035015752;-62,8045012930553;0
"251";"Brevoortia_tyrannus";10,83297526784;12,7203921585504;14,8377256548786;0
"252";"Caranx_ruber";14,1515420232574;13,7101500423064;-3,21945405111516;0
"253";"Carcharhinus_amblyrhynchos";1,64794898625244;1,20397280432594;-36,8759311116721;0
"254";"Carcharhinus_amboinensis";1,64794898625244;2,01490302054226;18,2119948478247;0
"255";"Carcharhinus_cautus";1,64794898625244;1,09861228866811;-50,0027810766901;0
"256";"Carcharhinus_limbatus";1,64794898625244;1,72722094809048;4,58956695295289;0
"257";"Carcharhinus_porosus";1,64794898625244;1,50407739677627;-9,56543790795167;0
"258";"Caulolatilus_microps";11,8243541981845;14,3549236385822;17,6285816916239;0
"259";"Centrophorus_uyato";1,14949143121686;0;-Inf;0
"260";"Chionodraco_myersi";8,31818263634644;8,73230457103318;4,74241285697325;0
"261";"Clupea_pallasii";10,3358898965252;10,4741845733395;1,32033835995508;0
"262";"Conodon_nobilis";12,4249160764541;10,7229148990064;-15,8725607120636;0
"263";"Coryphaena_equiselis";12,8169732155087;11,1562505210315;-14,8860290591937;0
"264";"Cyclothone_pygmaea";7,74614277271486;5,29831736654804;-46,2000525227432;0
"265";"Cynoscion_striatus";13,2247892293075;12,3216309861644;-7,32985953042442;0
"266";"Cypselurus_oligolepis";8,83961074490305;9,45442315930405;6,50290772944689;0
"267";"Dasyatis_tortonesei";1,29967333119304;2,01490302054226;35,4969783685536;0
"268";"Decapterus_punctatus";11,4513283343048;10,2611619968079;-11,5987481521795;0
"269";"Diodon_holocanthus";11,8602527842547;8,1605182474775;-45,337004643312;1
"270";"Dolichopteryx_rostrata";7,10019932072815;6,00881318544259;-18,1630898083108;0
"271";"Emmelichthys_nitidus";11,8559265025161;10,5880353642826;-11,9747535270856;0
"272";"Encrasicholina_heteroloba";7,69204994109109;7,46737106691756;-3,00880821590502;0
"273";"Encrasicholina_punctifer";7,69204994109109;9,14867771158408;15,921730073064;0
"274";"Engraulis_mordax";9,89648903436955;11,8263118332103;16,3180442563799;0
"275";"Epinephelus_longispinis";13,360139598008;10,7055788200853;-24,7960509425454;1
"276";"Escualosa_thoracata";10,7181267952959;8,95156964301882;-19,7346077026255;0
"277";"Glaucostegus_cemiculus";2,2346797093302;1,94591014905531;-14,8398198352108;0
"278";"Glyptocephalus_cynoglossus";11,6273868752545;12,537352855449;7,25803916254148;0
"279";"Gobiesox_maeandricus";6,12471259430759;5,94542060860658;-3,01563165171978;0
"280";"Gobionotothen_gibberifrons";9,96931055732697;11,2194184604938;11,1423591834885;0
"281";"Harengula_humeralis";10,9062033518573;11,7320609948869;7,03932278727095;0
"282";"Harengula_jaguana";10,9062033518573;10,2576593662567;-6,32253384952548;0
"283";"Hemipristis_elongata";1,5607686455007;1,87180217690159;16,6167950459245;0
"284";"Hemitriakis_leucoperiptera";2,3879080063616;2,484906649788;3,90351256996617;0
"285";"Heptranchias_perlo";3,31083207554093;2,67414864942653;-23,8088270168129;0
"286";"Hexagrammos_lagocephalus";11,164298966355;11,5424842672118;3,27646364596825;0
"287";"Hippocampus_abdominalis";5,63755882433949;5,99146454710798;5,90683162665656;0
"288";"Hippocampus_bargibanti";5,63755882433949;3,52636052461616;-59,8690430256881;0
"289";"Hippocampus_hippocampus";5,63755882433949;6,76272950693188;16,637818819148;0
"290";"Hippoglossoides_platessoides";12,5778028185764;13,456617441413;6,53072457965574;0
"291";"Hippoglossus_stenolepis";13,6092127264645;14,6264407741806;6,9547203138563;0
"292";"Hyperprosopon_argenteum";3,84064632828692;2,94443897916644;-30,4372872204739;0
"293";"Hypsoblennius_gilberti";7,16733046164117;7,42416528104203;3,4594437176217;0
"294";"Hypsoblennius_jenkinsi";7,16733046164117;7,33953769540767;2,34629537871642;0
"295";"Icelus_bicornis";7,06964265307092;4,86368088113959;-45,3558082004438;0
"296";"Isurus_oxyrinchus";1,07478425673957;2,30258509299405;53,3227128061518;0
"297";"Liparis_gibbus";6,79329951913859;8,98719682066197;24,4113636910623;0
"298";"Lutjanus_carponotatus";13,1402767238855;12,842690479052;-2,3171643458892;0
"299";"Lycodes_raridens";4,9879311064763;8,04430540699064;37,9942598631113;0
"300";"Melanogrammus_aeglefinus";12,136814379377;13,6348483134052;10,9868030769026;0
"301";"Menticirrhus_americanus";12,1319867571081;10,762731629031;-12,7221896380257;0
"302";"Merluccius_bilinearis";12,6476022350572;13,4588356140255;6,027515323264;0
"303";"Mobula_alfredi";0,253307431520687;0;-Inf;0
"304";"Mobula_hypostoma";0,253307431520687;0;-Inf;0
"305";"Mustelus_fasciatus";2,09272266060611;2,12823170584927;1,66847647018726;0
"306";"Myliobatis_aquila";2,04080324360958;1,6094379124341;-26,8022349817202;0
"307";"Nemipterus_randalli";10,3072632742963;10,1693457062579;-1,35620886556674;0
"308";"Neoclinus_uninotatus";5,77764966556847;8,33086361322474;30,6476503060643;0
"309";"Orectolobus_maculatus";2,5859645278473;3,61091791264422;28,3848431227937;0
"310";"Osmerus_eperlanus";10,310243787644;10,2012746468461;-1,06819142283939;0
"311";"Ostorhinchus_taeniophorus";7,76960354617615;8,21608809863232;5,43427172513514;0
"312";"Paranotothenia_magellanica";9,77937001947967;11,0821425488778;11,7556016235331;0
"313";"Parastromateus_niger";12,6007177537638;11,2482304864978;-12,0240002984425;0
"314";"Planiliza_haematocheilus";12,809452301192;14,1594101434143;9,53399773401;0
"315";"Planiliza_klunzingeri";12,809452301192;11,8307426298871;-8,27259709658851;0
"316";"Pleurogrammus_monopterygius";10,8089274026666;8,80821966511841;-22,7140990303776;0
"317";"Pogonophryne_ventrimaculata";6,97036927668994;7,23705902612474;3,68505698892448;0
"318";"Pollachius_virens";12,7746257793291;15,3274458890371;16,6552218040052;0
"319";"Psettodes_erumei";11,5406615768215;13,6051444019445;15,1742808759011;0
"320";"Pteroplatytrygon_violacea";1,11935684471176;1,68175857401373;33,4412880654877;0
"321";"Rhinobatos_penggali";1,93284978759124;2,01490302054226;4,07231673755381;0
"322";"Saurida_tumbil";10,0560359278925;11,4228804000902;11,9658477049878;0
"323";"Saurida_undosquamis";10,0560359278925;11,3480744064075;11,385530551205;0
"324";"Schroederichthys_chilensis";0,78742654534495;0,693147180559945;-13,6016372033488;0
"325";"Scomberomorus_lineolatus";13,3948515167692;14,1163556169423;5,11112159364389;0
"326";"Scorpaena_notata";9,50605663053999;9,86933596960524;3,68088937476694;0
"327";"Scymnodalatias_albicauda";2,62029239553006;4,07753744390572;35,7383609206006;0
"328";"Sebastes_borealis";12,3541873537248;13,529061058915;8,68407423156697;0
"329";"Sebastes_inermis";12,3541873537248;10,4042628404486;-18,7415922029141;0
"330";"Sebastes_ovalis";12,3541873537248;11,982929094216;-3,09822628999783;0
"331";"Sebastes_rosenblatti";12,3541873537248;12,900052812394;4,2314978597975;0
"332";"Sebastes_rufus";12,3541873537248;12,900052812394;4,2314978597975;0
"333";"Sebastes_saxicola";12,3541873537248;11,9355753978325;-3,5072624648521;0
"334";"Sebastes_vulpes";12,3541873537248;11,308358299229;-9,24828367497962;0
"335";"Seriolella_brama";12,4041394220745;12,5602444592508;1,2428503098228;0
"336";"Sillago_ciliata";11,41595875516;12,2332013129184;6,68052897073951;0
"337";"Sillago_maculata";11,41595875516;12,4351982685219;8,19640741830368;0
"338";"Squalus_cubensis";1,39756354052225;2,30258509299405;39,3045866242016;0
"339";"Squatina_africana";1,89456718286432;2,19722457733622;13,7745316338498;0
"340";"Stichaeus_nozawae";9,22022733046142;11,3556866885437;18,8051979299205;0
"341";"Stolephorus_insularis";8,50472537477703;5,32300997913841;-59,7728617475486;0
"342";"Stolephorus_nelsoni";8,50472537477703;6,96129604591017;-22,1715801007147;0
"343";"Sueviota_lachneri";7,92977802728922;4,51085950651685;-75,7930615181663;0
"344";"Thaleichthys_pacificus";9,83101339625079;10,4193007178132;5,64613055611931;0
"345";"Trichiurus_gangeticus";10,4522152747198;9,31775876874345;-12,1752079457337;0
"346";"Urotrygon_cimar";1,18725407250103;0,405465108108164;-192,812882972981;0
"347";"Zoramia_fragilis";6,90782700352958;6,87471542490394;-0,481642898347364;0
"348";"Alosa_aestivalis";11,8497626580369;12,4937297176694;5,15432200139372;0
"349";"Alosa_sapidissima";11,8497626580369;12,4893701196641;5,12121472499369;0
"350";"Amphistichus_rhodoterus";4,71892670952634;3,66356164612965;-28,8070780660024;0
"351";"Anchoa_mitchilli";7,93742949290577;10,7168592304024;25,9351147359642;0
"352";"Anguilla_reinhardtii";15,1974126073498;15,8304135785065;3,99863824161958;0
"353";"Anoplopoma_fimbria";9,27002536550228;13,2640009509874;30,1113939922313;0
"354";"Apogon_erythrinus";6,85265284193315;7,86326672400957;12,8523413683861;0
"355";"Aptychotrema_vincentiana";2,11682182383782;2,70805020110221;21,8322532212938;0
"356";"Arnoglossus_thori";9,81048393579263;12,6491546172096;22,4415841795061;0
"357";"Bathyraja_interrupta";2,31663561074817;2,01490302054226;-14,9750428248753;0
"358";"Belone_euxini";9,26875500555053;9,57254997141339;3,17360543188686;0
"359";"Boleophthalmus_dussumieri";9,28990142267615;7,83794891602528;-18,524648759604;0
"360";"Boleophthalmus_pectinirostris";9,28990142267615;8,89467026298423;-4,44346049944878;0
"361";"Boops_boops";12,3603658211753;11,8829637207919;-4,01753393850794;0
"362";"Brevoortia_patronus";11,4833066345348;10,9281841582541;-5,07973207846625;0
"363";"Carcharhinus_obscurus";1,59326622004471;2,14006616349627;25,550609265194;0
"364";"Centrophorus_harrissoni";1,05498651738229;0,405465108108164;-160,19169005804;0
"365";"Centroscymnus_coelolepis";2,94246290879406;2,71196410042335;-8,49933110599539;0
"366";"Centroscymnus_owstonii";2,94246290879406;3,09104245335832;4,80677786883299;0
"367";"Cetorhinus_maximus";1,64432022236584;0,405465108108164;-305,539265767646;0
"368";"Chelon_saliens";13,0236869917863;13,8867715885658;6,21515657022942;0
"369";"Clinocottus_analis";8,08340000980162;6,90775527898214;-17,0192006424511;0
"370";"Coregonus_albula";10,3055108735564;9,33657246211909;-10,3778813410226;0
"371";"Coregonus_artedi";10,3055108735564;9,92266498443839;-3,85829703732237;0
"372";"Coregonus_autumnalis";10,3055108735564;10,5865843972426;2,65499724121982;0
"373";"Coregonus_pidschian";10,3055108735564;10,2750511089686;-0,296443922903828;0
"374";"Cottus_aleuticus";8,77013587009112;7,09782452256692;-23,5609001350658;0
"375";"Crenimugil_crenilabis";13,0084359924924;13,210374254727;1,52863392316339;0
"376";"Crystallogobius_linearis";8,05729603325739;6,02425436993097;-33,7476065664491;0
"377";"Dascyllus_aruanus";9,07985148718558;7,46737106691756;-21,5936827809688;0
"378";"Dicentrarchus_labrax";12,9878975564723;13,1620224559999;1,32293422313852;0
"379";"Dipturus_batis";4,22102717881391;3,68887945411394;-14,425728227755;0
"380";"Eleginus_nawaga";12,3816858777486;10,6213273456864;-16,573809230888;0
"381";"Eleutheronema_tetradactylum";12,4017206332891;13,4316420552462;7,66787424591045;0
"382";"Embiotoca_jacksoni";4,27763979132314;3,43398720448515;-24,5677265697464;0
"383";"Engraulis_encrasicolus";10,3392654071747;9,50721753966745;-8,75174954223626;0
"384";"Eopsetta_jordani";12,9478019596142;13,5923670066501;4,74211038239731;0
"385";"Epinephelus_chlorostigma";12,899118776187;13,8302198440352;6,73236635677756;0
"386";"Epinephelus_fuscoguttatus";12,899118776187;14,568054548064;11,4561334622322;0
"387";"Epinephelus_itajara";12,899118776187;17,6817144582528;27,048257641292;1
"388";"Exocoetus_obtusirostris";7,10371601412094;9,23989917421773;23,119117642078;0
"389";"Gadus_morhua";13,8892774163528;15,2931553098022;9,17977922155529;0
"390";"Gasterosteus_wheatlandi";6,16851398587279;5,605802066296;-10,0380269035899;0
"391";"Gollum_attenuatus";1,44344581354155;3,92526823217817;63,226823540144;1
"392";"Helicolenus_dactylopterus";11,9515647943021;12,346073689753;3,19541989918895;0
"393";"Hippocampus_breviceps";5,65873131385866;4,31748811353631;-31,0653594185297;0
"394";"Hippocampus_capensis";5,65873131385866;4,30406509320417;-31,4741109002607;0
"395";"Hippocampus_erectus";5,65873131385866;6,71477714199965;15,7271910267226;0
"396";"Hippocampus_kuda";5,65873131385866;6,69497451470347;15,4779259961187;0
"397";"Kajikia_audax";15,3631983555805;16,4809432415221;6,78204438642537;0
"398";"Lepidotrigla_cavillone";10,195914031015;8,0870254706677;-26,0774319061614;0
"399";"Leptocottus_armatus";8,3618975610515;9,30565055178051;10,141719651706;0
"400";"Leptoichthys_fistularius";4,878384198696;3,80666248977032;-28,1538411089958;0
"401";"Lethrinus_mahsena";12,2848981004365;11,4767800183339;-7,04133111213816;0
"402";"Leuresthes_tenuis";8,63367790525239;9,7981270368783;11,8844053281116;0
"403";"Liopsetta_putnami";12,3117853329722;10,2476976318298;-20,1419653008814;0
"404";"Lissocampus_caudalis";4,90956803050056;3,98898404656427;-23,0781565729548;0
"405";"Lutjanus_argentiventris";13,3832797804565;12,2828021783888;-8,95949951879835;0
"406";"Lutjanus_fulvus";13,3832797804565;10,4717798759504;-27,8032955141912;1
"407";"Macrodon_ancylodon";11,9008049856797;11,687298851915;-1,82682188989903;0
"408";"Maculabatis_gerrardi";1,12486912995429;0,693147180559945;-62,2843115434138;0
"409";"Micromesistius_poutassou";12,7237513693114;11,2489599191358;-13,1104694191932;0
"410";"Mustelus_dorsalis";2,13494449156326;1,38629436111989;-54,0036915275763;0
"411";"Mustelus_schmitti";2,13494449156326;1,50407739677627;-41,9437919976156;0
"412";"Myoxocephalus_quadricornis";9,84204173145507;8,70759314106146;-13,0282682253953;0
"413";"Nemipterus_japonicus";10,2129594598376;10,7103651234231;4,64415225674889;0
"414";"Otolithes_cuvieri";11,4497027333769;11,6309129241751;1,55800487871893;0
"415";"Phyllopteryx_taeniolatus";4,89089095954707;5,7037824746562;14,2517972717416;0
"416";"Platygillellus_rubellulus";8,15164692641683;5,75574221358691;-41,6263380798082;0
"417";"Plectropomus_leopardus";12,4040189200026;13,0344060986452;4,83633219551233;0
"418";"Porichthys_notatus";7,89305234918967;7,91753635394363;0,309237667620748;0
"419";"Prionace_glauca";1,67048032635456;3,73766961828337;55,3069025099716;0
"420";"Pristiophorus_cirratus";2,41072212900644;2,52572864430826;4,55339949368622;0
"421";"Pseudobatos_leucorhynchus";1,70639784039885;1,25276296849537;-36,2107504221902;0
"422";"Pseudobatos_productus";1,70639784039885;1,94591014905531;12,3084978395707;0
"423";"Pseudochromis_olivaceus";6,50708533954025;6,90775527898214;5,8002914588041;0
"424";"Quinca_mirifica";7,65489071803672;4,9416424226093;-54,9057998007626;0
"425";"Raja_montagui";3,75812837498665;3,73766961828337;-0,547366642658907;0
"426";"Rastrelliger_brachysoma";11,8802598222324;9,84310040252103;-20,6963186029232;0
"427";"Reinhardtius_hippoglossoides";12,9478019596142;10,2435248553218;-26,3998686242017;1
"428";"Rhinoptera_marginata";0,452735313169377;1,38629436111989;67,3420504427614;0
"429";"Salmo_salar";8,25203422976806;9,17011195125614;10,011630461745;0
"430";"Sardina_pilchardus";10,9965746287983;10,0639184703205;-9,26732625297289;0
"431";"Sciaenops_ocellatus";12,008684213533;15,0682735264596;20,3048432028661;0
"432";"Scomberomorus_cavalla";13,2894071613764;14,9653153465464;11,1986159085966;0
"433";"Sebastes_elongatus";12,2470968430304;12,3800259526536;1,07373853763778;0
"434";"Sebastes_flavidus";12,2470968430304;13,899851706398;11,8904496125441;0
"435";"Sebastes_rosaceus";12,2470968430304;11,9490275425403;-2,49450676575085;0
"436";"Sebastes_serranoides";12,2470968430304;13,1987069439917;7,20987370201814;0
"437";"Serranus_scriba";10,1306063262187;7,55642796944025;-34,0660741714069;0
"438";"Sillago_flindersi";11,7455475144043;11,1562505210315;-5,28221369950299;0
"439";"Sphyrna_lewini";2,28802522743658;3,68887945411394;37,9750611019584;0
"440";"Sphyrna_mokarran";2,28802522743658;3,44201937618241;33,5266604462216;0
"441";"Sphyrna_tiburo";2,28802522743658;2,19722457733622;-4,13251567622829;0
"442";"Stenodus_leucichthys";10,8294763363366;12,4847860479992;13,2586149678382;0
"443";"Stichaeus_grigorjewi";9,62076162373721;11,0851380578576;13,2102678963243;0
"444";"Stigmatopora_argus";4,24586810342562;3,63758615972639;-16,7221315726851;0
"445";"Stolephorus_carpentariae";7,17222808674925;6,24416690066374;-14,8628504146303;0
"446";"Stolephorus_commersonnii";7,17222808674925;8,21500643276157;12,6935791779018;0
"447";"Stolephorus_indicus";7,17222808674925;11,2257565941413;36,1091786856271;0
"448";"Symphodus_melops";9,04269088873331;12,6637885894368;28,5941104838401;0
"449";"Torpedo_marmorata";2,81425893574079;2,91777073208428;3,54763296530661;0
"450";"Torpedo_sinuspersici";2,81425893574079;2,7408400239252;-2,67870109801029;0
"451";"Trachystoma_petardi";12,533224838662;14,4573644441367;13,3090620556021;0
"452";"Trematomus_lepidorhinus";8,71747854411661;8,77955745588373;0,70708474862269;0
"453";"Triakis_semifasciata";2,38388928941859;2,70805020110221;11,9702696630839;0
"454";"Trichiurus_lepturus";10,1893915052185;10,0271642972297;-1,61787723009207;0
"455";"Triglops_murrayi";8,25738089500632;4,60517018598809;-79,306747883729;0
"456";"Trisopterus_minutus";12,5962551846031;9,33692896907576;-34,9079041548066;1
"457";"Urolophus_gigas";0,84660431531007;2,484906649788;65,9301360321806;0
"458";"Urolophus_lobatus";0,84660431531007;1,25276296849537;32,4210296280642;0
"459";"Urolophus_sufflavus";0,84660431531007;0,693147180559945;-22,1391847293035;0
"460";"Xanthichthys_mento";11,990731005207;11,6395581159036;-3,01706375625701;0
"461";"Zebrasoma_flavescens";10,1836615715358;13,8696464084585;26,5759106495662;0
"462";"Acanthopagrus_morrisonae";13,9830919298638;15,2826934228175;8,50374640777232;0
"463";"Acanthurus_lineatus";10,9784184578633;10,796407298087;-1,68584932701224;0
"464";"Aetomylaeus_bovinus";1,50397557061961;1,44691898293633;-3,94331599461715;0
"465";"Alopias_superciliosus";1,00755391256987;1,09861228866811;8,28849058375576;0
"466";"Alosa_kessleri";11,9907312034125;12,3171666930358;2,65024820852566;0
"467";"Ambassis_interrupta";7,40272893378038;12,0406082058026;38,5186461742617;1
"468";"Amblygobius_phalaena";7,82688275644985;10,5467614826003;25,7887573416505;0
"469";"Anarhichas_minor";10,016838031146;9,88837391472608;-1,29914298880433;0
"470";"Anarrhichthys_ocellatus";9,38331620704255;9,21034037197618;-1,8780612667983;0
"471";"Antennarius_striatus";10,0910902369425;12,1034860567551;16,6265802296641;0
"472";"Aptychotrema_rostrata";2,33423010869169;2,4423470353692;4,42676348249446;0
"473";"Argyrops_filamentosus";13,0286307673484;12,3455823821911;-5,53273522472798;0
"474";"Arnoglossus_laterna";12,1828580026904;9,38697914563464;-29,7846497118934;0
"475";"Arripis_georgiana";11,4962261575784;12,1547793511426;5,41805963349136;0
"476";"Arripis_trutta";11,4962261575784;13,7105766179768;16,1506734698162;0
"477";"Artedidraco_mirus";7,494405023759;5,26269018890489;-42,4063502647209;0
"478";"Artedidraco_shackletoni";7,494405023759;5,48063892334199;-36,7432726107972;0
"479";"Artediellus_camchaticus";5,61885079963324;5,53602106919358;-1,49619608387303;0
"480";"Atherinopsis_californiensis";8,60150129167206;8,69951474821019;1,12665429480759;0
"481";"Auxis_thazard";12,1561395905878;13,6116793176824;10,693314859422;0
"482";"Calloplesiops_altivelis";7,37786572781055;6,90775527898214;-6,80554579370798;0
"483";"Caranx_rhonchus";14,0940890959513;13,507625778195;-4,34172020595219;0
"484";"Carcharhinus_altimus";1,59509793089438;2,19722457733622;27,4039646494316;0
"485";"Carcharhinus_galapagensis";1,59509793089438;2,30258509299405;30,7257770517277;0
"486";"Carcharhinus_leucas";1,59509793089438;2,07944154167984;23,2920041788812;0
"487";"Carcharhinus_sealei";1,59509793089438;0,405465108108164;-293,39955497943;0
"488";"Carcharodon_carcharias";1,41763335774218;2,42036812865043;41,4290189594987;0
"489";"Centrophorus_lusitanicus";0,894003745771178;1,25276296849537;28,6374383459849;0
"490";"Centropomus_undecimalis";13,5901267142016;15,0682735264596;9,80966273052054;0
"491";"Cephalopholis_cruentata";11,8512563361786;12,4734321055169;4,98800782395021;0
"492";"Ceratoscopelus_maderensis";7,46705730705906;8,62497078358967;13,4251292622778;0
"493";"Cheilodipterus_singapurensis";8,09949181791413;8,51719319141624;4,90421391313603;0
"494";"Cheilopogon_spilopterus";8,85964935951516;9,62875461037056;7,98758803165513;0
"495";"Chionobathyscus_dewitti";8,65212123422412;9,65579512830051;10,3945235036593;0
"496";"Corica_soborna";9,32401566917044;7,51207124583547;-24,1204371476039;0
"497";"Ctenochaetus_striatus";11,2516166478554;10,0406155944563;-12,0610239681691;0
"498";"Cyclopterus_lumpus";9,2929614325581;11,4909558915412;19,1280384306505;0
"499";"Cyclothone_microdon";6,55188971016442;8,69951474821019;24,6867221931846;0
"500";"Cynoscion_jamaicensis";13,2722042635897;12,6127936313603;-5,22810926351675;0
"501";"Diplodus_puntazzo";12,0747391001712;13,0918103510858;7,76875942776123;0
"502";"Diplodus_vulgaris";12,0747391001712;11,2003220871132;-7,80707024545376;0
"503";"Dolichopteryx_minuscula";6,83625299475253;6,48920493132532;-5,34808296393763;0
"504";"Enophrys_bison";8,09027773151067;10,1226230824528;20,0772599590824;0
"505";"Epinephelus_aeneus";13,3168605360605;15,1696099276472;12,213559876777;0
"506";"Epinephelus_bleekeri";13,3168605360605;12,6053603795572;-5,6444253482604;0
"507";"Epinephelus_malabaricus";13,3168605360605;13,985659579136;4,78203433517876;0
"508";"Epinephelus_radiatus";13,3168605360605;12,0703101945162;-10,3274093329485;0
"509";"Eridacnis_sinuans";0,722292808031833;0,693147180559945;-4,20482522172901;0
"510";"Gadus_chalcogrammus";14,0112773250801;14,5366437025622;3,61408305955453;0
"511";"Gillichthys_mirabilis";8,10072964612033;10,2035921449865;20,6090411002894;0
"512";"Gobiomorphus_cotidianus";10,8752980919826;7,00306545878646;-55,293394813807;1
"513";"Gobius_niger";8,35924861337523;8,1605182474775;-2,43526648517894;0
"514";"Gobius_ophiocephalus";8,35924861337523;9,97580821411575;16,2047983085029;0
"515";"Gogolia_filewoodi";2,23690865666626;0,693147180559945;-222,717702589401;0
"516";"Gymnothorax_equatorialis";9,79348371856415;9,94484540345969;1,52201144165481;0
"517";"Hemiramphus_brasiliensis";8,25583165040526;7,05961762829138;-16,944459106681;0
"518";"Hemiramphus_far";8,25583165040526;11,1087095762625;25,6814520739058;0
"519";"Hexagrammos_stelleri";11,4720482306296;10,0232020550423;-14,4549233631226;0
"520";"Hippocampus_subelongatus";5,59401543630973;6,05208916892442;7,56885299983276;0
"521";"Hypanus_americanus";0,76125315862607;1,25276296849537;39,2340628059614;0
"522";"Hypanus_guttatus";0,76125315862607;0,693147180559945;-9,82561568108912;0
"523";"Hyperoglyphe_antarctica";11,3949576114834;15,6319626397827;27,1047540602246;1
"524";"Hypomesus_olidus";9,96648668381907;7,86326672400957;-26,7474070717653;0
"525";"Ilyophis_arx";11,7144112621958;7,59034694560257;-54,3330146322559;1
"526";"Kaupus_costatus";4,96915986572863;3,2188758248682;-54,3756309994374;0
"527";"Lateolabrax_japonicus";11,3869880438662;16,0952782016498;29,2526174372121;1
"528";"Leptoclinus_maculatus";8,44041314910557;7,52940645783701;-12,0993161462327;0
"529";"Lethrinus_lentjan";12,2432511993974;11,4028092142655;-7,37048186406963;0
"530";"Leucoraja_melitensis";3,44222531504639;3,49650756146648;1,55247044274439;0
"531";"Limanda_limanda";13,2919097891135;12,2743986280294;-8,28970275383224;0
"532";"Lithognathus_mormyrus";13,5940747734782;8,37609035043824;-62,2961812102105;1
"533";"Lutjanus_quinquelineatus";13,1919984109704;12,5285908328174;-5,29514920716598;0
"534";"Malacoctenus_delalandii";7,72799653728874;8,41183267575841;8,12945483854403;0
"535";"Mustelus_asterias";2,06164651393064;2,4423470353692;15,5874867873153;0
"536";"Myctophum_affine";7,65579840801616;7,48801367746346;-2,24071079167068;0
"537";"Myoxocephalus_scorpius";9,26047705868418;9,31411963811768;0,57592753279623;0
"538";"Nematalosa_come";11,8390932921364;11,4804849144779;-3,12363441378912;0
"539";"Nemipterus_furcosus";10,1046401271215;11,5373936621374;12,4183466125266;0
"540";"Nettastoma_melanura";11,4015039019208;9,50625099684127;-19,9369120982528;0
"541";"Oncorhynchus_kisutch";8,04808391032652;8,23645835947953;2,28708069574837;0
"542";"Oncorhynchus_mykiss";8,04808391032652;8,68939707002191;7,38041033834092;0
"543";"Oncorhynchus_nerka";8,04808391032652;7,42833319419081;-8,34306566404929;0
"544";"Ophichthus_rufus";11,293184319502;9,43472315512534;-19,6980996031353;0
"545";"Ostorhinchus_compressus";7,93516749005971;8,1886891244442;3,09599779075382;0
"546";"Ostorhinchus_hoevenii";7,93516749005971;7,60090245954208;-4,39770188207056;0
"547";"Ostorhinchus_parvulus";7,93516749005971;6,10924758276437;-29,8878034088304;0
"548";"Pagellus_erythrinus";12,7019737645745;11,5207117397707;-10,2533771479236;0
"549";"Paralichthys_californicus";13,81495668029;16,68049612947;17,1789821294185;1
"550";"Parophrys_vetulus";12,6043733458146;13,8402031705546;8,92927516677834;0
"551";"Phycodurus_eques";4,96915986572863;5,7037824746562;12,8795691664565;0
"552";"Platichthys_stellatus";13,3378634568956;14,9453519360153;10,7557753474241;0
"553";"Pseudobatos_horkelii";1,67010280045976;1,79175946922805;6,78978796304081;0
"554";"Pseudotriakis_microdon";2,5544135311653;1,09861228866811;-132,512739709303;0
"555";"Psilodraco_breviceps";7,97661326912963;7,68026801492282;-3,85852751012085;0
"556";"Pterogobius_zacalles";7,78616096134758;8,79754848848156;11,4962427141853;0
"557";"Pungitius_pungitius";5,3089103929819;6,07342848495941;12,587916262961;0
"558";"Rexea_solandri";11,0255198112587;14,6264407741806;24,6192564446604;0
"559";"Rhincodon_typus";2,10044132186264;5,32463467486541;60,5523862176379;1
"560";"Rhinobatos_hynnicephalus";2,00074712218623;1,38629436111989;-44,323397562547;0
"561";"Rhinobatos_schlegelii";2,00074712218623;2,07944154167984;3,78440162496889;0
"562";"Rhizoprionodon_oligolinx";1,42352496656662;1,44691898293633;1,61681591337166;0
"563";"Sardinella_fimbriata";9,72405854588784;10,4919267822493;7,31865797672715;0
"564";"Sardinella_gibbosa";9,72405854588784;10,7153229145399;9,25090523690134;0
"565";"Sardinella_longiceps";9,72405854588784;10,8594171793441;10,4550604761354;0
"566";"Scatophagus_argus";10,3687605374289;13,0950579543957;20,8192848512873;0
"567";"Scoliodon_macrorhynchos";1,99666526616643;2,35137525716348;15,0852140642555;0
"568";"Scomberomorus_commerson";13,4369624190068;13,5563079568344;0,880369037112589;0
"569";"Scomberomorus_tritor";13,4369624190068;13,8155105579643;2,74002279806646;0
"570";"Scophthalmus_maximus";12,0073525850458;16,1180956509583;25,5039004292551;1
"571";"Scophthalmus_rhombus";12,0073525850458;11,2872787834379;-6,37951640447192;0
"572";"Scorpaenichthys_marmoratus";8,70317684715709;11,1774527286821;22,1363126428247;0
"573";"Scyliorhinus_meadi";1,50954916493591;0,693147180559945;-117,781909423111;0
"574";"Sebastes_brevispinis";12,3889685897417;13,8633478873784;10,6350883611528;0
"575";"Sebastes_carnatus";12,3889685897417;12,9598444479066;4,40495918341916;0
"576";"Sebastes_melanops";12,3889685897417;13,7390354787295;9,82650413180712;0
"577";"Sebastes_mentella";12,3889685897417;10,8025049557398;-14,6860718000314;0
"578";"Sebastes_pachycephalus";12,3889685897417;8,6569551337914;-43,1100011294136;1
"579";"Sebastes_paucispinis";12,3889685897417;14,1698577948938;12,5681515716682;0
"580";"Sebastes_polyspinis";12,3889685897417;11,3999807059541;-8,67534699660554;0
"581";"Sebastes_rastrelliger";12,3889685897417;13,5410737122625;8,50822576556451;0
"582";"Sebastes_semicinctus";12,3889685897417;10,6049335359108;-16,822689626387;0
"583";"Sebastes_taczanowskii";12,3889685897417;10,9937315915337;-12,6912048615274;0
"584";"Sebastolobus_macrochir";11,8050396807825;12,3906104945332;4,72592382763592;0
"585";"Selar_crumenophthalmus";12,3116672466793;11,5991031612113;-6,14326879901278;0
"586";"Siganus_rivulatus";12,7876586349685;12,8457755357581;0,452420335602349;0
"587";"Siphamia_corallicola";6,82834409001752;5,08759633523238;-34,2155241902782;0
"588";"Siphamia_fuscolineata";6,82834409001752;6,39692965521615;-6,74408596082636;0
"589";"Spratelloides_delicatulus";7,63598989446801;6,79979880414349;-12,2972916465555;0
"590";"Stenodus_nelma";10,8558664262496;12,4292161968444;12,6584793898287;0
"591";"Stigmatopora_nigra";4,40788671547037;3,2188758248682;-36,9387001951482;0
"592";"Taeniura_lymma";0,988881282136404;1,94591014905531;49,1815548309627;0
"593";"Tenualosa_ilisha";12,8790789978981;13,7139663619971;6,08786212581478;0
"594";"Trachurus_japonicus";11,8143309633394;12,343440419823;4,28656386297191;0
"595";"Trematomus_hansoni";8,66737462975869;9,14201394503239;5,19184632759843;0
"596";"Trygonoptera_personata";0,668937328211329;0,405465108108164;-64,9802448680442;0
"597";"Urocampus_carinirostris";4,95484005440223;2,99573227355399;-65,396624329318;0
"598";"Urotrygon_venezuelae";0,746109430719208;2,01490302054226;62,9704545026484;0
"599";"Vanacampus_vercoi";4,38910123169948;3,36729582998647;-30,3449846198133;0
"600";"Zapteryx_brevirostris";1,82009357102729;1,38629436111989;-31,2919984437479;0
"601";"Zoarces_fedorovi";5,64049367283192;4,21212759787848;-33,9107978512537;0
"602";"Achoerodus_gouldii";10,5097692323263;12,4548215634797;15,6168622829308;0
"603";"Acroteriobatus_leucospilus";1,88069165293804;1,09861228866811;-71,1879315693869;0
"604";"Amphistichus_argenteus";4,07282488788197;4,72738781871234;13,8461864338573;0
"605";"Anguilla_anguilla";15,3541500929586;14,7318012898384;-4,2245261857386;0
"606";"Arctoscopus_japonicus";8,33836471344637;7,0475172213573;-18,3163439200573;0
"607";"Atherinops_affinis";9,29242330440704;6,90775527898214;-34,5216054871052;0
"608";"Atule_mate";12,6562271905502;11,6262541502772;-8,85902739575363;0
"609";"Bairdiella_ronchus";11,1905641874297;12,1493117997084;7,89137383322165;0
"610";"Bathytoshia_centroura";1,3290760648367;1,25276296849537;-6,0915830257168;0
"611";"Benthalbella_infans";8,45838470811814;7,74066440191724;-9,27207625773226;0
"612";"Brachaelurus_waddi";2,32615990367141;2,01490302054226;-15,4477351989568;0
"613";"Caranx_bucculentus";14,3000486836364;12,7188962719588;-12,4315221845432;0
"614";"Carcharhinus_fitzroyensis";1,61461658886839;1,38629436111989;-16,4699672848741;0
"615";"Carcharhinus_longimanus";1,61461658886839;2,21557371600442;27,1242217216677;0
"616";"Carcharhinus_sorrah";1,61461658886839;1,50407739677627;-7,34930212561148;0
"617";"Cephalopholis_formosa";12,0334775450977;11,3066881937224;-6,42795961932356;0
"618";"Chaenogaleus_macrostoma";1,74527208990961;1,38629436111989;-25,8947694557256;0
"619";"Cheilodipterus_isostigma";8,04668690048045;8,56598335558567;6,06230987790327;0
"620";"Cirrhigaleus_barbifer";2,6404608301834;2,30258509299405;-14,6737568230328;0
"621";"Cnidoglanis_macrocephalus";7,542283051253;7,60090245954208;0,771216425958604;0
"622";"Coregonus_maraena";10,2179909756481;10,3089526606443;0,882356219788046;0
"623";"Coryphaenoides_cinereus";10,2403622090497;11,5228757958234;11,1301519646559;0
"624";"Cottus_asper";8,12346643324254;8,57016507618234;5,21225249419334;0
"625";"Cynoglossus_joyneri";10,7285837702252;7,69484807238461;-39,4255438093457;0
"626";"Dascyllus_trimaculatus";7,44455562730908;10,0212705881925;25,7124576989211;0
"627";"Deania_hystricosa";1,93996416381398;2,484906649788;21,9300989041384;0
"628";"Eleginus_gracilis";11,4981559342351;12,0941163513968;4,92768880210805;0
"629";"Embiotoca_lateralis";3,95948952579968;3,80666248977032;-4,01472514151316;0
"630";"Epinephelus_epistictus";13,2906555116663;13,0138512339141;-2,12699740281991;0
"631";"Epinephelus_magniscuttis";13,2906555116663;12,4026627539828;-7,1596944567274;0
"632";"Galeorhinus_galeus";1,98648527076378;3,3262343431887;40,2782526483257;0
"633";"Galeus_polli";2,68815819010318;2,484906649788;-8,17944369590385;0
"634";"Gempylus_serpens";11,3833618648127;13,3847276418718;14,9526074090456;0
"635";"Genidens_genidens";5,21976105535119;2,39789527279837;-117,680943557626;0
"636";"Gymnocanthus_detrisus";8,60751937108271;10,5725981552678;18,586526748924;0
"637";"Helicolenus_percoides";12,2426306500528;12,0725412529057;-1,40889472716576;0
"638";"Hemitriakis_japanica";2,28799486249814;2,70805020110221;15,5113571540551;0
"639";"Heterodontus_francisci";2,69949352468173;2,99573227355399;9,88869237372861;0
"640";"Hexagrammos_decagrammus";10,4614217794029;13,768104435567;24,0169783112771;0
"641";"Hypsypops_rubicundus";7,74188081935105;11,289781913656;31,4257717415555;0
"642";"Iago_omanensis";1,77798109361502;2,26868354131836;21,6293916170515;0
"643";"Icosteus_aenigmaticus";11,4221635638007;12,8049091466189;10,7985583262284;0
"644";"Istiophorus_albicans";14,9899320306069;15,9477026650296;6,00569658552085;0
"645";"Johnius_glaucus";10,7952847608916;11,1796042586345;3,4376842762218;0
"646";"Liparis_montagui";7,36076325650661;6,67582322163485;-10,2600085732052;0
"647";"Lipophrys_pholis";7,63650943722115;8,98719682066197;15,029017505609;0
"648";"Lophiocharon_trisignatus";10,4783918672168;6,47697236288968;-61,7791659457058;1
"649";"Lutjanus_erythropterus";13,0234190745299;15,6072700271923;16,5554318478542;0
"650";"Lycodes_pacificus";7,41872069334782;3,38439026334577;-119,204054972483;0
"651";"Merlangius_merlangus";12,3749845227838;12,5820371618237;1,64562094656768;0
"652";"Micropogonias_furnieri";11,5544080341452;15,2345947419072;24,1567745654472;1
"653";"Microstomus_kitt";12,5133625349725;12,3016146166506;-1,72130183655155;0
"654";"Morone_saxatilis";12,1922258562438;14,3594614321621;15,0927357976265;0
"655";"Mustelus_antarcticus";2,07792387813221;2,73002910782099;23,8863837686063;0
"656";"Mustelus_higmani";2,07792387813221;1,38629436111989;-49,8905237163052;0
"657";"Nemipterus_virgatus";10,3809142810119;10,1658518170036;-2,1155380570134;0
"658";"Neotrygon_kuhlii";0,870773796695254;0,693147180559945;-25,6261038228298;0
"659";"Pagothenia_borchgrevinki";10,0825308296421;7,64372245672501;-31,9060299052513;0
"660";"Paragaleus_leucolomatus";1,27796708364187;0,693147180559945;-84,3716773989458;0
"661";"Paralabrax_nebulifer";12,1942290789179;15,2264975316745;19,9144185749139;0
"662";"Paramonacanthus_japonicus";10,0730515640808;8,17470288246946;-23,222234604787;0
"663";"Parapocryptes_serperaster";9,04029987438346;9,08817273800197;0,52676005395816;0
"664";"Patagonotothen_tessellata";9,95563417155255;10,4583348463964;4,80669898437097;0
"665";"Pinguipes_brasilianus";8,63445123545889;9,70063670448968;10,9908813360399;0
"666";"Platichthys_flesus";13,8191625103151;13,9841787751118;1,18002113281322;0
"667";"Platybelone_argalus";8,77164494940338;7,64012317269536;-14,810255687394;0
"668";"Platycephalus_richardsoni";9,55685646740563;14,5086577385242;34,1299750835687;1
"669";"Pomatoschistus_microps";7,19047966395104;6,89213389807918;-4,32878655992171;0
"670";"Pomatoschistus_minutus";7,19047966395104;8,16522145574807;11,9377263320989;0
"671";"Pristiapogon_kallopterus";8,6400326257399;9,90348755253613;12,757676728464;0
"672";"Pristipomoides_multidens";13,4842362604888;14,0389207403959;3,95104787728475;0
"673";"Proscyllium_habereri";1,20310112571547;0,405465108108164;-196,721247194105;0
"674";"Pseudocarcharias_kamoharai";1,5293679032805;1,38629436111989;-10,3205744878765;0
"675";"Raja_clavata";3,66260860667051;4,3646897150206;16,0854758113493;0
"676";"Redigobius_bikolanus";8,10457724786889;6,90775527898214;-17,3257725636034;0
"677";"Rhinogobiops_nicholsii";7,94761178206645;8,47386806667786;6,21034314519043;0
"678";"Rhizoprionodon_taylori";1,43272000582005;1,50407739677627;4,74426323466879;0
"679";"Scomberomorus_brasiliensis";13,46277459132;12,2673323597504;-9,74492413274702;0
"680";"Scomberomorus_regalis";13,46277459132;13,9947022217493;3,80092139154362;0
"681";"Scomber_scombrus";12,7504822697992;13,1730547426689;3,20785483036781;0
"682";"Scyliorhinus_capensis";1,54156936598449;0,405465108108164;-280,197786482099;0
"683";"Sebastes_chlorostictus";12,304093348783;13,4957643252586;8,82996285171692;0
"684";"Sebastes_chrysomelas";12,304093348783;12,9598444479066;5,05986859456112;0
"685";"Sebastes_dallii";12,304093348783;10,5696060607082;-16,4101412873148;0
"686";"Seriphus_politus";11,8738875569153;13,5300482422508;12,2406118269685;0
"687";"Sillago_schomburgkii";11,5410856811865;12,173032791452;5,19136948936224;0
"688";"Siphamia_tubifer";6,27005362516468;6,46302945692067;2,98584174870733;0
"689";"Somniosus_microcephalus";2,65766085127883;2,30258509299405;-15,4207442480693;0
"690";"Somniosus_pacificus";2,65766085127883;5,7037824746562;53,4052909084857;1
"691";"Spondyliosoma_cantharus";12,4577044454093;11,9361715503735;-4,36934818534408;0
"692";"Squalus_megalops";1,56006311809389;1,09861228866811;-42,0030646102835;0
"693";"Squalus_mitsukurii";1,56006311809389;1,6094379124341;3,06782846102687;0
"694";"Syngnathoides_biaculeatus";4,75366236007827;4,86753445045558;2,33942032740318;0
"695";"Syngnathus_typhle";4,86552151677318;5,16478597392351;5,79432446303267;0
"696";"Triaenodon_obesus";1,88909635173539;1,09861228866811;-71,9529602227201;0
"697";"Triakis_megalopterus";2,49846475849619;2,19722457733622;-13,710031476399;0
"698";"Trypauchen_vagina";8,09753474945497;9,03300635669327;10,3561491080446;0
"699";"Tylosurus_crocodilus";8,79689604704424;10,3499666367349;15,0055613143561;0
"700";"Urophycis_tenuis";13,5119925199784;15,8949520996441;14,9919267747844;0
"701";"Zapteryx_xyster";1,78487458620515;1,50407739677627;-18,6690651711621;0
"702";"Aculeola_nigra";2,04182246964084;1,09861228866811;-85,8546905675177;0
"703";"Aetobatus_narinari";1,16968367021139;0,405465108108164;-188,479488572753;0
"704";"Agonomalus_mozinoi";8,00001946126996;3,2188758248682;-148,53457842219;1
"705";"Amphiprion_ocellaris";7,92774657965919;6,39692965521615;-23,9304948928865;0
"706";"Anchoviella_lepidentostole";8,96217002886408;9,91353688838913;9,59664416681905;0
"707";"Aphia_minuta";8,04289876324276;7,49080853674501;-7,37023545308303;0
"708";"Apogonichthys_perdix";7,32038375188212;8,10167774745457;9,64360740980992;0
"709";"Argyrozona_argyrozona";12,3020812818785;14,3199156139273;14,0911049090701;0
"710";"Arius_subrostratus";5,19195148425034;3,40119738166216;-52,6506962590051;0
"711";"Atherina_boyeri";8,24699063221278;7,93119492637334;-3,98169139418494;0
"712";"Blepsias_cirrhosus";8,42858017810611;5,76519110278484;-46,1977587184358;0
"713";"Carcharhinus_tilstoni";1,62850345872377;1,25276296849537;-29,9929435717343;0
"714";"Carcharias_taurus";1,82227969566313;0,693147180559945;-162,899388004585;0
"715";"Careproctus_ranula";8,33483591187444;2,70805020110221;-207,779963180965;1
"716";"Centrophorus_moluccensis";1,00668174025857;0,693147180559945;-45,2334754424511;0
"717";"Centropomus_mexicanus";13,86162938196;13,8155105579643;-0,333819179553329;0
"718";"Cetengraulis_edentulus";9,106218117283;9,17035136375982;0,699354298792393;0
"719";"Cetengraulis_mysticetus";9,106218117283;10,6159470441284;14,2213306129896;0
"720";"Coptodon_guineensis";9,14466925137445;6,57368016696065;-39,110346398287;0
"721";"Ctenacis_fehlmanni";1,12279423679202;0,693147180559945;-61,9849677358557;0
"722";"Dajaus_monticola";12,8525993645301;12,7174955908641;-1,06234574803434;0
"723";"Dalatias_licha";2,13767677167203;2,50552593699074;14,6815149621047;0
"724";"Deania_profundorum";2,19845131871703;1,79175946922805;-22,6979042931581;0
"725";"Diagramma_punctatum";12,266682520521;13,422850859506;8,61343354765956;0
"726";"Diplospinus_multistriatus";12,9406005884586;7,09007683577609;-82,5170712277916;1
"727";"Dissostichus_eleginoides";9,68454105447056;12,8789903326996;24,803569190656;0
"728";"Dissostichus_mawsoni";9,68454105447056;13,7186031031952;29,4057785503326;0
"729";"Dorosoma_petenense";11,6514964826857;9,56584463093058;-21,8031123463086;0
"730";"Echinorhinus_brucus";4,15164759629322;2,99573227355399;-38,5854014039749;0
"731";"Encrasicholina_devisi";8,61612995008768;5,9427993751267;-44,984365215997;0
"732";"Epinephelus_coioides";13,2722952126242;12,4442190885223;-6,65430364260995;0
"733";"Etmopterus_granulosus";1,66794416686769;2,4423470353692;31,7073232135681;0
"734";"Eutrigla_gurnardus";9,43903083154801;12,4292161968444;24,0577146453978;0
"735";"Fundulus_bermudae";4,67650064958384;4,68213122712422;0,120256722147412;0
"736";"Fundulus_heteroclitus";4,67650064958384;4,91998092582813;4,94880528837229;0
"737";"Furgaleus_macki";2,19861131512089;2,60268968544438;15,5254148269504;0
"738";"Giuris_margaritaceus";8,7841875867192;11,982929094216;26,6941536776746;0
"739";"Gobius_paganellus";8,92603998996;8,52038808231276;-4,76095576549291;0
"740";"Gymnura_micrura";1,70257482177002;1,09861228866811;-54,9750389042268;0
"741";"Gymnura_poecilura";1,70257482177002;1,09861228866811;-54,9750389042268;0
"742";"Haemulon_aurolineatum";12,4605281450037;10,9150884642146;-14,1587462699534;0
"743";"Haemulon_sciurus";12,4605281450037;11,9083402372249;-4,63698464083758;0
"744";"Haplocylix_littoreus";6,47351628221106;4,8283137373023;-34,0740605192731;0
"745";"Himantura_uarnak";1,00269637230981;1,38629436111989;27,6707458075641;0
"746";"Hippocampus_comes";5,76220142882615;5,61677109766657;-2,58921591481621;0
"747";"Hippocampus_whitei";5,76220142882615;5,16478597392351;-11,5670902515405;0
"748";"Hippocampus_zosterae";5,76220142882615;3,58351893845611;-60,7972924878327;0
"749";"Hoplostethus_atlanticus";10,5446258286485;11,293350538533;6,62978367075249;0
"750";"Iago_garricki";2,29203526257054;1,50407739677627;-52,3881196195835;0
"751";"Johnius_coitor";11,209885706937;10,1412832351827;-10,5371524192032;0
"752";"Lepidogobius_lepidus";8,04289876324276;6,68461172766793;-20,3196100373761;0
"753";"Lepturacanthus_savala";11,3047145394213;9,49269578292224;-19,0885581707881;0
"754";"Leucoraja_erinaceus";3,61405973584558;3,09104245335832;-16,9204173148453;0
"755";"Lophius_americanus";12,5951788873099;14,2478713785105;11,5995747525717;0
"756";"Lutjanus_argentimaculatus";12,9648671714043;14,5692823603407;11,0123144658367;0
"757";"Lutjanus_sebae";12,9648671714043;15,6072700271923;16,9305897263531;0
"758";"Lutjanus_synagris";12,9648671714043;12,1691233507519;-6,5390398117974;0
"759";"Makaira_mazara";15,1586083933043;17,9929700268969;15,7526057641159;1
"760";"Makaira_nigricans";15,1586083933043;15,8702751119317;4,48427461785051;0
"761";"Melanostigma_atlanticum";6,25341263013942;3,76120011569356;-66,2610985266946;0
"762";"Merluccius_hubbsi";13,4001092294551;10,2618610531104;-30,5816670105223;1
"763";"Muraenoclinus_dorsalis";8,19174947249022;5,46806014113513;-49,81088834165;0
"764";"Mustelus_manazo";1,9834491198734;2,2512917986065;11,8972884323076;0
"765";"Mustelus_mosis";1,9834491198734;2,07944154167984;4,61625969676909;0
"766";"Mustelus_mustelus";1,9834491198734;2,2512917986065;11,8972884323076;0
"767";"Mustelus_norrisi";1,9834491198734;2,35137525716348;15,6472743416514;0
"768";"Mycteroperca_bonaci";13,515950877325;13,1223633774043;-2,99936443307482;0
"769";"Myoxocephalus_polyacanthocephalus";8,98553466989615;11,6847757218969;23,1004951763212;0
"770";"Myzopsetta_ferruginea";12,7533178176276;13,823809360779;7,7438245509129;0
"771";"Nematalosa_nasus";11,2641485908391;12,8149057172908;12,1011980943356;0
"772";"Opisthonema_libertate";10,3759576661853;10,9529971281965;5,26832478140359;0
"773";"Orectolobus_japonicus";2,62244496506763;2,99573227355399;12,4606364788236;0
"774";"Ostorhinchus_doederleini";7,56720954563998;9,23989917421773;18,1028991446691;0
"775";"Ostorhinchus_monospilus";7,56720954563998;9,21034037197618;17,8400662730735;0
"776";"Otolithes_ruber";11,9021926300402;10,8907212532208;-9,2874599698369;0
"777";"Pagrus_major";12,9043685726054;14,6855361750469;12,1287202674152;0
"778";"Parapristipoma_trilineatum";11,9416302209013;13,0083241997574;8,20008759372704;0
"779";"Parupeneus_barberinus";9,83299083110134;10,1192237369219;2,8286053679808;0
"780";"Pholis_laeta";8,33365497519225;7,00306545878646;-19,0001010876794;0
"781";"Photopectoralis_bindus";10,0317545033974;8,87849740373863;-12,9893274415235;0
"782";"Phycis_phycis";13,8976273181326;15,5069896874134;10,3783029570664;0
"783";"Platyrhinoidis_triseriata";1,96608501429059;2,07944154167984;5,4512966638955;0
"784";"Plicofollis_layardi";5,68341034041282;6,28785856016178;9,61294237085079;0
"785";"Polyprion_oxygeneios";14,569764310999;15,1102377255587;3,57686903658372;0
"786";"Pristis_pectinata";4,13649610231602;2,86220088092947;-44,5215159382082;0
"787";"Pseudopleuronectes_americanus";13,1642997634789;13,2878778158819;0,93000593560018;0
"788";"Raja_microocellata";3,77606300503766;4,0517849478033;6,80495007305669;0
"789";"Regalecus_glesne";11,7508763151344;11,8422292121128;0,7714163891116;0
"790";"Salangichthys_microdon";10,2363275216512;7,60090245954208;-34,6725283758988;0
"791";"Schindleria_praematura";8,76133528456905;4,49980967033027;-94,7045747809595;1
"792";"Schroederichthys_tenuis";0,819786333550322;0,693147180559945;-18,2701678001596;0
"793";"Scomberomorus_niphonius";13,3863042717025;13,4730202490175;0,643626861032321;0
"794";"Scyliorhinus_torazame";1,53386869138673;0,405465108108164;-278,29856643979;0
"795";"Scylliogaleus_quecketti";2,19861131512089;1,09861228866811;-100,126226312865;0
"796";"Sebastes_entomelas";12,3634699103492;13,129379705307;5,83355658948772;0
"797";"Sebastes_goodei";12,3634699103492;12,9437150659767;4,48283319487392;0
"798";"Sebastes_jordani";12,3634699103492;10,6919449129004;-15,6334980311395;0
"799";"Sebastes_viviparus";12,3634699103492;9,8171395918009;-25,9375991829122;0
"800";"Semicossyphus_pulcher";10,5067533761276;12,6115377536383;16,6893555617632;0
"801";"Sicyopterus_lagocephalus";9,68018437359418;10,7363966754712;9,83767956608835;0
"802";"Sphaeramia_orbicularis";7,18992418591427;9,09380655572023;20,936033311687;0
"803";"Sphoeroides_maculatus";10,3032813957477;12,0257490913989;14,3231634267436;0
"804";"Squalus_acanthias";1,53524854831198;1,8803128665695;18,3514309981331;0
"805";"Squalus_rancureli";1,53524854831198;1,09861228866811;-39,7443451295471;0
"806";"Syngnathus_abaster";4,92545967912519;3,55534806148941;-38,53663815581;0
"807";"Syngnathus_acus";4,92545967912519;5,39929328388804;8,77584490875521;0
"808";"Tactostoma_macropus";9,49107608387276;10,7144177687525;11,4177150012527;0
"809";"Tetronarce_nobiliana";2,65366134591225;4,0943445622221;35,1871513111724;0
"810";"Trygonoptera_mucosa";0,67772816340685;0,405465108108164;-67,1483315960336;0
"811";"Urobatis_jamaicensis";1,64029948477784;1,09861228866811;-49,3064934460581;0
"812";"Urolophus_bucculentus";1,03531902283693;1,50407739677627;31,1658412621613;0
"813";"Abantennarius_nummifer";10,6456969943989;10,7954855918412;1,3875114386286;0
"814";"Acanthurus_nigricauda";11,3760082600488;9,94788713983281;-14,3560245521643;0
"815";"Alopias_pelagicus";1,27308374891453;0,693147180559945;-83,6671611195324;0
"816";"Alopias_vulpinus";1,27308374891453;1,09861228866811;-15,8810767043156;0
"817";"Alosa_alabamae";12,0130701716479;12,4593767597392;3,58209400596569;0
"818";"Ammodytes_marinus";8,83068107953508;9,17923146894894;3,79716309140825;0
"819";"Amphiprion_chrysopterus";7,99637603999248;5,94017125272043;-34,615244237788;0
"820";"Apocryptes_bato";9,0111727884095;10,1181351149291;10,940378972468;0
"821";"Apogon_coccineus";6,65074834105983;8,1886891244442;18,7812818390362;0
"822";"Argentina_silus";8,22837345763988;9,31901538860184;11,7034030472354;0
"823";"Artediellus_atlanticus";5,99591867472499;4,75071249127875;-26,2109354277313;0
"824";"Benthosema_pterotum";5,91742264037159;7,20693351657234;17,8926428728046;0
"825";"Bothrocara_brunneum";6,06542460361141;7,63288550539513;20,5356270662752;0
"826";"Brosme_brosme";14,2334969111227;14,7028137529652;3,19202058686114;0
"827";"Carcharhinus_brevipinna";1,57210459338279;2,30258509299405;31,72436501191;0
"828";"Carcharhinus_falciformis";1,57210459338279;2,14006616349627;26,5394397519743;0
"829";"Centrophorus_squamosus";0,762401375858589;1,99655388187407;61,8141347057982;0
"830";"Centropomus_parallelus";13,8941281906429;13,7101500423064;-1,34191199781757;0
"831";"Centropristis_striata";9,79472032523273;13,1872143497239;25,7256304062594;0
"832";"Cephalopholis_sonnerati";11,7677910897531;12,526039776336;6,05337920142464;0
"833";"Chaenocephalus_aceratus";8,87866624622751;9,35594607583348;5,10135293360432;0
"834";"Chaenodraco_wilsoni";8,87866624622751;6,44174367100594;-37,8301698993406;0
"835";"Champsocephalus_gunnari";9,00086930132195;9,01746105543703;0,183995849974598;0
"836";"Chionodraco_hamatus";8,57299734621248;8,13871075463796;-5,33606125917468;0
"837";"Clevelandia_ios";8,07198860945712;7,60090245954208;-6,19776602084459;0
"838";"Coilia_dussumieri";10,0541128980019;8,32989929299572;-20,6990930425294;0
"839";"Coryphaenoides_rupestris";10,9513670189092;10,309770104224;-6,22319322544673;0
"840";"Cynoscion_nebulosus";12,7993948134977;15,3996134314964;16,8849603242673;0
"841";"Decapterus_russelli";11,3320670984287;10,716587635111;-5,74324107891574;0
"842";"Emblemariopsis_pricei";7,82344870965028;3,17805383034795;-146,171057108675;1
"843";"Entelurus_aequoreus";4,6314973416225;6,90775527898214;32,952208719459;0
"844";"Epinephelus_areolatus";13,5654323718634;10,9659111933582;-23,7054735595494;1
"845";"Epinephelus_awoara";13,5654323718634;10,7852593007834;-25,7775264696516;1
"846";"Etmopterus_spinax";1,57450169997592;2,56494935746154;38,6147061580131;0
"847";"Euprotomicrus_bispinatus";2,20090681954219;2,07944154167984;-5,84124513374039;0
"848";"Eviota_sigillata";6,40824525318879;4,90897164031976;-30,5415008014055;0
"849";"Exocoetus_volitans";9,09893671944322;5,91350300563827;-53,8671192145802;0
"850";"Gadus_macrocephalus";14,0417252499327;14,5469615651193;3,47313982321955;0
"851";"Galaxias_truttaceus";9,43279050120056;8,91058571829013;-5,8604989550635;0
"852";"Gasterosteus_aculeatus";5,92754858297987;5,98141421125448;0,900550043387015;0
"853";"Genyonemus_lineatus";12,1419654122381;9,85219425814858;-23,2412302690407;0
"854";"Glaucostegus_typus";1,95727109719351;2,39789527279837;18,3754553671832;0
"855";"Gobiesox_rhessodon";5,8100852784724;5,57972982598622;-4,12843380719539;0
"856";"Gobiosoma_robustum";8,01327855974049;6,51471269087253;-23,0027929085427;0
"857";"Gobius_bucchichi";8,24992797767009;8,64822145382264;4,60549580372387;0
"858";"Gymnothorax_griseus";10,3080424497799;9,21034037197618;-11,9181488790973;0
"859";"Gymnothorax_sagmacephalus";10,3080424497799;8,28374674710613;-24,4369578703133;0
"860";"Gymnura_altavela";1,49687007038455;1,70474809223843;12,1940609759489;0
"861";"Harpagifer_antarcticus";8,77426360841737;6,77422388635761;-29,5242636737704;0
"862";"Hippocampus_barbouri";5,59391710163626;5,52146091786225;-1,31226472217905;0
"863";"Hirundichthys_affinis";9,36542009620934;9,11515018497243;-2,74564769815327;0
"864";"Hypomesus_nipponensis";9,19169520416263;10,0170840591187;8,23981160669913;0
"865";"Icelus_spatula";6,63552040445965;6,31896811374643;-5,0095567031678;0
"866";"Ilisha_africana";11,1621767953993;9,37598192101893;-19,0507499846614;0
"867";"Istiompax_indica";14,9015242940263;18,3507946164882;18,7962995311534;1
"868";"Lamna_nasus";1,54138505658692;1,17865499634165;-30,7749138951707;0
"869";"Lampris_guttatus";11,5035407682975;15,9496769993334;27,8760267761016;1
"870";"Lepidopsetta_bilineata";12,4338841902378;12,4874851049684;0,429237066391165;0
"871";"Lepidorhombus_whiffiagonis";11,9182661900785;12,7174656083289;6,28426640074411;0
"872";"Leptocharias_smithii";1,82557577612222;1,94591014905531;6,18396347804184;0
"873";"Lesueurigobius_friesii";8,34678711011877;8,61277606130997;3,08830682810932;0
"874";"Lethrinus_harak";11,5350428024833;13,0731731332136;11,7655470103317;0
"875";"Lophius_piscatorius";12,9805213999887;12,8646482223935;-0,900710035689115;0
"876";"Macrourus_berglax";11,8823098337436;10,4521507217814;-13,6829170381352;0
"877";"Medialuna_californiensis";10,7558708403432;9,21034037197618;-16,7803838506286;0
"878";"Megalops_atlanticus";9,67629082138179;16,3004172077523;40,6377720394797;1
"879";"Menidia_beryllina";6,83621625028278;12,1007121298723;43,505669939816;1
"880";"Mobula_birostris";0,220152940682388;0;-Inf;0
"881";"Mobula_tarapacana";0,220152940682388;0;-Inf;0
"882";"Mugil_cephalus";12,9725918607391;14,8542336192777;12,667376902546;0
"883";"Mullus_barbatus";9,96658758807985;10,1809772335905;2,10578651333495;0
"884";"Mustelus_lunulatus";2,03891706822877;2,56494935746154;20,5084863645561;0
"885";"Mycteroperca_venenosa";12,9973675112064;14,1519827945855;8,15868207401193;0
"886";"Myctophum_nitidulum";7,61615825004246;8,98719682066197;15,2554639447467;0
"887";"Myctophum_punctatum";7,61615825004246;6,68461172766793;-13,93568632444;0
"888";"Myliobatis_californica";1,34602869227313;2,484906649788;45,8318205881912;0
"889";"Myliobatis_freminvillei";1,34602869227313;1,79175946922805;24,8767083199485;0
"890";"Nelusetta_ayraud";8,86421738794832;14,1156151504146;37,2027552926876;1
"891";"Netuma_thalassina";5,58840756798803;4,11087386417331;-35,94208318313;0
"892";"Nibea_maculata";12,2397787936507;12,4224473397323;1,47047148670413;0
"893";"Nototheniops_nudifrons";8,95527147895311;8,07383928276526;-10,9171382451146;0
"894";"Oblada_melanurus";12,2915986431712;12,4075062317353;0,934173123908154;0
"895";"Ocyurus_chrysurus";13,2260602456234;10,6885756067944;-23,7401570815105;1
"896";"Ostorhinchus_notatus";7,82491384453664;7,67670542295758;-1,93062535831888;0
"897";"Ostorhinchus_rubrimacula";7,82491384453664;7,61898792708847;-2,70279884177298;0
"898";"Pachymetopon_blochii";12,1940089442794;13,1082644530248;6,97464955808418;0
"899";"Pagrus_auratus";13,2122640082251;13,79019274998;4,19086775821707;0
"900";"Pampus_argenteus";11,2312363509037;10,7066095863046;-4,90002703815948;0
"901";"Parachaenichthys_georgianus";8,1179250682365;9,63394659711754;15,7362459257832;0
"902";"Paralabrax_maculatofasciatus";13,517105520475;11,1272629841582;-21,4773618608565;0
"903";"Paralichthys_woolmani";14,0629674572693;14,6039679183285;3,70447582523257;0
"904";"Periophthalmus_barbarus";9,1270646110741;9,10249529085876;-0,269918516080025;0
"905";"Periophthalmus_waltoni";9,1270646110741;8,17695386822578;-11,6193726681067;0
"906";"Phycis_chesteri";14,7333117695602;14,0778748224318;-4,65579468062907;0
"907";"Plotosus_lineatus";7,80065140827861;7,54838034028297;-3,3420556016416;0
"908";"Pogonias_cromis";12,1419654122381;14,4556527168091;16,005415666085;0
"909";"Pseudobalistes_fuscus";12,4953663818986;11,0020998412042;-13,5725594408981;0
"910";"Pseudobatos_lentiginosus";1,64350318608924;1,70474809223843;3,59260740211605;0
"911";"Pseudocaranx_dentex";12,4739731817289;11,7444696320978;-6,21146439544069;0
"912";"Pseudochaenichthys_georgianus";8,87866624622751;9,14966637394076;2,96185802451867;0
"913";"Pugnaso_curtirostris";4,6314973416225;4,49980967033027;-2,92651647380819;0
"914";"Rachycentron_canadum";12,437903334751;15,1203236772163;17,7404955061064;0
"915";"Raja_brachyura";3,8264429468753;3,97656152656572;3,7750850499242;0
"916";"Rhinobatos_jimbaranensis";1,89428032500285;2,14006616349627;11,48496446913;0
"917";"Rhinobatos_rhinobatos";1,89428032500285;2,14006616349627;11,48496446913;0
"918";"Rhomboplites_aurorubens";13,2260602456234;15,1955241320039;12,9608157591125;0
"919";"Rostroraja_alba";3,41404368581824;4,64439089914137;26,4910348857713;0
"920";"Salvelinus_alpinus";8,54482150482588;8,2515148700951;-3,55457924209496;0
"921";"Salvelinus_fontinalis";8,54482150482588;7,29250734549276;-17,1726143012681;0
"922";"Sanopus_barbatus";7,69325010450214;5,91889385427315;-29,9778352833274;0
"923";"Sarda_orientalis";12,8470744162101;12,9092889617669;0,481936268845324;0
"924";"Sardinops_sagax";10,9434416236078;10,5320962119585;-3,90563666881665;0
"925";"Sargocentron_rubrum";9,92376180845444;12,8400004664301;22,7121382557586;0
"926";"Scomber_japonicus";12,7902202319863;13,1995639731783;3,101191388017;0
"927";"Scyliorhinus_stellaris";1,10497136952322;3,68470408270346;70,0119373300527;1
"928";"Sebastes_diploproa";12,2601795212086;11,809319478024;-3,81783255185541;0
"929";"Sebastes_levis";12,2601795212086;14,3327157886943;14,4601783642464;0
"930";"Sebastes_pinniger";12,2601795212086;13,3977198001655;8,49055134697509;0
"931";"Sebastes_steindachneri";12,2601795212086;11,9049675527463;-2,98372899286365;0
"932";"Sphyraena_flavicauda";12,1660223569861;12,0574160124177;-0,900743114914067;0
"933";"Sprattus_sprattus";9,28935243064052;10,1183521275058;8,19303070716151;0
"934";"Squalus_melanurus";1,70564515887552;0;-Inf;0
"935";"Stephanolepis_hispida";8,79000511484314;10,9194245045353;19,5012052952765;0
"936";"Synaphobranchus_kaupii";11,2316685916627;10,4470465459188;-7,51046759766201;0
"937";"Syngnathus_scovelli";4,64017346798092;4,96284463025991;6,50173814250742;0
"938";"Thryssa_aestuaria";9,36028353791343;8,02059914989697;-16,7030462809461;0
"939";"Thryssa_setirostris";9,36028353791343;9,46653177733659;1,12235654960271;0
"940";"Thunnus_maccoyii";14,3930362738277;16,4896592073908;12,7147741938983;0
"941";"Thunnus_thynnus";14,3930362738277;17,0954438521334;15,8077649324586;1
"942";"Trachurus_picturatus";11,6418352734273;11,9484541022928;2,56617991114568;0
"943";"Trachurus_trachurus";11,6418352734273;12,4370105836415;6,39362091771555;0
"944";"Trematomus_eulepidotus";8,6848014942823;9,08139843168547;4,3671350881316;0
"945";"Triakis_maculata";2,32939435894941;2,63905732961526;11,7338478096266;0
"946";"Triakis_scyllium";2,32939435894941;2,70805020110221;13,9826005440624;0
"947";"Tylosurus_acus";9,62326322795623;8,86113744287615;-8,60076700077354;0
"948";"Zapteryx_exasperata";1,61514711677184;1,94591014905531;16,9978574007668;0
"949";"Zoramia_gilberti";7,15375803761925;6,11809719804135;-16,9278258591488;0
"950";"Agonus_cataphractus";6,92374988681164;7,83729123760631;11,6563404765559;0
"951";"Aldrichetta_forsteri";12,871005478346;12,8413258476712;-0,231125905742683;0
"952";"Alphestes_afer";11,8514851510578;12,1281111040605;2,28086592074577;0
"953";"Anarhichas_lupus";9,97358699139718;9,8453286383626;-1,30273308028355;0
"954";"Anguilla_rostrata";14,8018192718294;16,2733885353644;9,04279560668677;0
"955";"Anoplarchus_purpurescens";8,51623336954;7,9550742732627;-7,05410253884588;0
"956";"Atractoscion_nobilis";12,8494456496937;15,7756053420115;18,5486365111153;0
"957";"Balistes_capriscus";11,4119690559833;13,9682316449819;18,300545509044;0
"958";"Boreogadus_saida";12,3628154563851;10,344378302829;-19,5124065890368;0
"959";"Bythaelurus_lutarius";2,00576686345167;0,693147180559945;-189,370990708114;0
"960";"Calamus_leucosteus";12,0127010928568;13,603430579006;11,6935906491422;0
"961";"Caranx_bartholomaei";13,7919455113952;15,8079407226545;12,7530539659107;0
"962";"Caranx_crysos";13,7919455113952;13,5842088189486;-1,52925131831622;0
"963";"Carcharhinus_acronotus";1,62839145856771;1,55814461804655;-4,50836460926385;0
"964";"Carcharhinus_dussumieri";1,62839145856771;0,916290731874155;-77,7155876320002;0
"965";"Carcharhinus_plumbeus";1,62839145856771;2,07944154167984;21,6909239366141;0
"966";"Cebidichthys_violaceus";8,74852871825026;10,3734911817819;15,6645668758598;0
"967";"Centropomus_ensiferus";13,7450242518976;14,0701527763379;2,31076754892865;0
"968";"Centroscyllium_fabricii";1,78633993010553;2,63905732961526;32,3114390104608;0
"969";"Chelon_auratus";13,2824489635376;13,5797882244432;2,18957214936827;0
"970";"Chionodraco_rastrospinosus";8,53775451249611;8,10802122137675;-5,3001007198448;0
"971";"Chitonotus_pugetensis";8,10122217741224;8,04846874366888;-0,655446836205405;0
"972";"Chlamydoselachus_anguineus";2,91029574937769;1,87180217690159;-55,4809469339932;0
"973";"Citharichthys_spilopterus";10,8877496781492;9,31641063570325;-16,8663566247726;0
"974";"Coilia_nasus";8,7649564251662;11,1037007985709;21,0627466988818;0
"975";"Conger_conger";11,2308389558849;15,5202586502027;27,6375528977526;1
"976";"Coregonus_sardinella";10,1334453195298;10,384369299929;2,41636225707916;0
"977";"Coris_julis";10,8256109892608;7,76726399675731;-39,3748299759129;0
"978";"Decapterus_macarellus";10,913304876013;11,7714361601217;7,2899455294657;0
"979";"Decapterus_macrosoma";10,913304876013;11,2155297003308;2,69469951391495;0
"980";"Decapterus_tabl";10,913304876013;11,3504065354725;3,85097800764636;0
"981";"Diplodus_annularis";11,9706077670818;11,4974361220741;-4,11545356707179;0
"982";"Diplodus_sargus";11,9706077670818;12,2100273155046;1,96084367574493;0
"983";"Dorosoma_cepedianum";10,0573554779253;12,6879639295373;20,7331015931406;0
"984";"Enchelyopus_cimbrius";11,1210937842552;10,1266311038503;-9,82027162050753;0
"985";"Epinephelus_marginatus";13,0700437941353;15,2080676422303;14,0584846043034;0
"986";"Epinephelus_morio";13,0700437941353;15,6703788810091;16,5939515988675;0
"987";"Etmopterus_brachyurus";2,03197357330533;0,693147180559945;-193,151819742503;0
"988";"Eutelichthys_leptochirus";7,82756468341863;3,62434093297637;-115,972085081701;1
"989";"Euthynnus_alletteratus";12,8636995851583;13,9425836405278;7,73804972726461;0
"990";"Glaucostegus_granulatus";2,10001091047086;2,07944154167984;-0,989177544967357;0
"991";"Glossogobius_giuris";8,21226635043357;10,1200494924848;18,8515198810832;0
"992";"Glyptocephalus_stelleri";12,4835537076271;10,9736746461872;-13,7591017605439;0
"993";"Gobionotothen_acuta";10,5603900492338;11,0684336248932;4,5900223362843;0
"994";"Gobionotothen_angustifrons";10,5603900492338;9,1329192250076;-15,6299512681282;0
"995";"Gymnocanthus_tricuspis";9,53366448332966;8,34806422840827;-14,2020979053661;0
"996";"Gymnura_natalensis";1,24207715861469;2,30258509299405;46,0572743915571;0
"997";"Harpadon_nehereus";10,6149871913588;10,6244930612245;0,0894712793440768;0
"998";"Hemitrygon_akajei";1,29576724463805;0;-Inf;0
"999";"Heterodontus_portusjacksoni";2,97316903934455;2,56494935746154;-15,915311571181;0
"1000";"Hexanchus_nakamurai";3,80219459933463;2,56494935746154;-48,2366343130282;0
"1001";"Hippocampus_fuscus";5,5465246304517;4,49980967033027;-23,2613162957313;0
"1002";"Hippocampus_guttulatus";5,5465246304517;6,36475075685191;12,8555878723037;0
"1003";"Hippocampus_trimaculatus";5,5465246304517;6,96696713861398;20,3882475674324;0
"1004";"Jaydia_lineata";7,6688864061771;9,50543242260298;19,3210149183614;0
"1005";"Larimichthys_polyactis";12,2603664799579;9,59757361848954;-27,7444379935627;0
"1006";"Lepidorhombus_boscii";12,565654411033;11,6901507243394;-7,48924207513222;0
"1007";"Limanda_aspera";12,3028051498655;14,5519345574959;15,455879070538;0
"1008";"Lophiomus_setigerus";11,4589830593844;13,0604879736862;12,2622134603887;0
"1009";"Lophius_litulon";12,4959467517763;13,7650319316446;9,219631208779;0
"1010";"Lutjanus_guttatus";13,1004728882791;13,9272308075747;5,93626924633105;0
"1011";"Lythrypnus_zebra";7,76754282329586;6,90775527898214;-12,4466995368199;0
"1012";"Merluccius_albidus";12,4204061675871;12,7367008965923;2,48333325539445;0
"1013";"Merluccius_merluccius";12,4204061675871;14,1963634210858;12,509944982536;0
"1014";"Merluccius_productus";12,4204061675871;12,5326749052126;0,895808264992221;0
"1015";"Mobula_thurstoni";0,152325883261999;0;-Inf;0
"1016";"Morone_americana";13,5564766609517;12,1087431282356;-11,9561007891911;0
"1017";"Mugil_curema";13,7843325158799;12,9531171645101;-6,41710671503246;0
"1018";"Muraenesox_cinereus";12,0759940038322;7,57584102894671;-59,4013649136875;1
"1019";"Muraenolepis_microps";12,1533898446632;12,4567340828811;2,43518273890727;0
"1020";"Mustelus_henlei";2,10747958774235;1,38629436111989;-52,0225175005303;0
"1021";"Mustelus_whitneyi";2,10747958774235;2,01490302054226;-4,59459171266593;0
"1022";"Notolychnus_valdiviae";7,71362506194244;4,43081679884331;-74,0903632927483;0
"1023";"Nototheniops_larseni";8,77456190404134;8,86042822298827;0,969098973389924;0
"1024";"Oncorhynchus_clarkii";8,17817224427661;7,76912509195654;-5,26503496183323;0
"1025";"Oncorhynchus_keta";8,17817224427661;7,91935619066062;-3,26814512928733;0
"1026";"Osmerus_mordax";10,2794838964575;10,3396896866767;0,58227850200165;0
"1027";"Oxynotus_bruniensis";2,10751444258967;1,94591014905531;-8,30481785671424;0
"1028";"Oxynotus_centrina";2,10751444258967;2,01490302054226;-4,59632156501935;0
"1029";"Pagellus_bogaraveo";12,2696544237986;13,1148351109835;6,44446293096794;0
"1030";"Pagetodes_antarcticus";8,76178040253259;8,87463450828287;1,27164792696478;0
"1031";"Paralichthys_dentatus";14,3265714726667;14,6594456276463;2,27071448289853;0
"1032";"Pleuragramma_antarcticum";10,0395440886823;8,9226582995244;-12,5174107498595;0
"1033";"Pomacanthus_imperator";11,8082455743986;11,2816615324232;-4,66761071019557;0
"1034";"Pomatoschistus_lozanoi";7,31642701845293;7,26647812453817;-0,687387934824812;0
"1035";"Pristiapogon_taeniopterus";8,76056871623016;9,87816974455184;11,3138471723274;0
"1036";"Pristipomoides_typus";13,2779844831692;14,174931727571;6,32770063122907;0
"1037";"Prototroctes_maraena";9,62693265367045;10,7472075915754;10,4238699062919;0
"1038";"Pseudophycis_bachus";12,213013024802;17,2167079396264;29,0630179263701;1
"1039";"Pseudopleuronectes_yokohamae";12,9526232654324;13,6015540512249;4,77100472011181;0
"1040";"Pterapogon_kauderni";7,63160027368625;3,5945687746427;-112,309201802512;0
"1041";"Racovitzia_glacialis";8,00278897483822;7,41457288135059;-7,9332431267502;0
"1042";"Raja_radula";3,57372858468298;4,76217393479776;24,955941685176;0
"1043";"Rhizoprionodon_acutus";1,41934748116185;1,50407739677627;5,63334811067727;0
"1044";"Salmo_macrostigma";9,10035844531186;7,54715000354284;-20,5800658664516;0
"1045";"Salmo_trutta";9,10035844531186;7,90572839915954;-15,1109421654217;0
"1046";"Salvelinus_leucomaenis";8,51870902266253;7,72334130673466;-10,2982334243641;0
"1047";"Scomberoides_commersonnianus";12,5233550604544;14,0990543294482;11,1759216765531;0
"1048";"Sebastes_emphaeus";12,3390273499462;10,5805222886921;-16,6202103570397;0
"1049";"Sebastes_mystinus";12,3390273499462;13,1692469633032;6,3042299659992;0
"1050";"Sebastes_norvegicus";12,3390273499462;11,8744015317184;-3,91283566575302;0
"1051";"Seriola_dumerili";13,4163775511674;17,4700961420764;23,2037566247028;1
"1052";"Sillaginodes_punctatus";12,1358335403673;13,0170028617465;6,76937180346424;0
"1053";"Solea_solea";11,6383447051698;12,2840303408386;5,25630121184413;0
"1054";"Sphyraena_chrysotaenia";12,1333753390177;11,9711474625546;-1,35515728104215;0
"1055";"Spirinchus_thaleichthys";9,89969865340274;9,69756978188699;-2,08432500164406;0
"1056";"Squalus_chloroculus";1,39990958661329;2,2512917986065;37,8174971596395;0
"1057";"Squalus_suckleyi";1,39990958661329;1,94591014905531;28,0588783971906;0
"1058";"Squatina_californica";2,0340679380357;1,79175946922805;-13,5234931344911;0
"1059";"Squatina_punctata";2,0340679380357;1,79175946922805;-13,5234931344911;0
"1060";"Stigmatopora_narinosa";3,86248249119465;4,58496747867057;15,7576905580453;0
"1061";"Taeniamia_lineolata";7,61643414070974;7,45760928971561;-2,12970195707566;0
"1062";"Taeniurops_meyeni";1,41445364568294;1,94591014905531;27,3114616124685;0
"1063";"Thunnus_albacares";14,8786477441353;14,7318012898384;-0,996799043157006;0
"1064";"Thunnus_obesus";14,8786477441353;15,7516961478209;5,54256757807239;0
"1065";"Trachipterus_ishikawae";12,2066664135286;12,2060726455302;-0,0048645294489282;0
"1066";"Trematomus_bernacchii";8,86754778113911;7,66871685912594;-15,6327446173285;0
"1067";"Trematomus_loennbergii";8,86754778113911;9,16429643347478;3,2380953026762;0
"1068";"Trematomus_newnesi";8,86754778113911;8,88875674784872;0,238604422544726;0
"1069";"Trematomus_pennellii";8,86754778113911;8,422882511945;-5,27925289903432;0
"1070";"Trisopterus_esmarkii";10,8195323086833;11,9015608556366;9,09148438661177;0
"1071";"Trisopterus_luscus";10,8195323086833;13,1649208251541;17,8154395884363;0
"1072";"Trygonoptera_imitata";0,599489616805821;1,38629436111989;56,7559651384908;0
"1073";"Trygonoptera_testacea";0,599489616805821;0;-Inf;0
"1074";"Urolophus_paucimaculatus";1,06327206484387;1,35454566280531;21,5034166776041;0
"1075";"Vanacampus_margaritifer";4,06061527201823;5,07517381523383;19,9906166793788;0
"1076";"Vanacampus_phillipi";4,06061527201823;3,40119738166216;-19,3878160059565;0
"1077";"Xiphias_gladius";12,4340718824771;15,8079407226545;21,3428738086187;1
"1078";"Xiphister_atropurpureus";8,73735696876002;7,43838353004431;-17,463114579519;0
"1079";"Xiphister_mucosus";8,73735696876002;9,15904707758863;4,60408277472935;0
"1080";"Allocyttus_niger";10,7500207487525;10,4193007178132;-3,17410966336626;0
"1081";"Amblygaster_sirm";10,6366044869323;10,9129528520842;2,53229688515625;0
"1082";"Amblyraja_radiata";3,85941394498881;3,27714473299218;-17,767576943878;0
"1083";"Ammodytes_hexapterus";9,2381431699361;9,07960506665366;-1,74609029928733;0
"1084";"Argyrops_spinifer";12,4939891574071;13,3746773060183;6,58474315649403;0
"1085";"Belone_belone";9,16449700183837;9,86534945314503;7,10418272191291;0
"1086";"Beryx_splendens";10,7247700059987;13,0657930259159;17,9171904474057;0
"1087";"Caranx_melampygus";14,0741585878715;14,5855493328045;3,50614661994819;0
"1088";"Carcharhinus_brachyurus";1,64181014345904;2,7408400239252;40,0982863236294;0
"1089";"Carcharhinus_macloti";1,64181014345904;0,405465108108164;-304,920204137778;0
"1090";"Carcharhinus_melanopterus";1,64181014345904;1,09861228866811;-49,4439995250253;0
"1091";"Centroselachus_crepidater";3,09658558639603;1,79175946922805;-72,8237321793055;0
"1092";"Channichthys_rhinoceratus";8,76288584626429;9,12396515622944;3,95748234218783;0
"1093";"Chanos_chanos";9,51535730858274;13,9270519326972;31,6771607188232;1
"1094";"Chromis_punctipinnis";8,01955240685917;9,21034037197618;12,928816059178;0
"1095";"Ciliata_mustela";11,2689669631653;9,87816974455184;-14,0795031324556;0
"1096";"Clupeonella_cultriventris";9,62373120440599;9,44659756243577;-1,87510519845356;0
"1097";"Congresox_talabonoides";10,4911264160759;13,3293775467887;21,2932008321468;0
"1098";"Coregonus_ussuriensis";10,2235654705093;10,4133126759685;1,82215987710705;0
"1099";"Coryphaena_hippurus";11,770236587959;12,7678175937657;7,81324606559074;0
"1100";"Cymatogaster_aggregata";4,7237697460061;3,49650756146648;-35,0996576716937;0
"1101";"Cynoscion_regalis";13,2267818654748;13,3172720497038;0,679494898739504;0
"1102";"Dasyatis_pastinaca";1,3927229411436;1,70474809223843;18,3032996203635;0
"1103";"Deania_calceus";2,02573126731694;2,2512917986065;10,0191601741354;0
"1104";"Echinorhinus_cookei";2,82299601195782;4,7361984483945;40,3953182554086;0
"1105";"Elagatis_bipinnulata";12,6079999743993;14,52101902208;13,1741377431698;0
"1106";"Engraulis_japonicus";10,0593059611329;11,980338240852;16,0348751520932;0
"1107";"Engraulis_ringens";10,0593059611329;9,25841599520775;-8,65039944564705;0
"1108";"Eridacnis_barbouri";0,70923257661072;0,693147180559945;-2,32063211131881;0
"1109";"Ethmalosa_fimbriata";10,5762234613695;11,1510584943291;5,15498177372071;0
"1110";"Etmopterus_hillianus";1,89136446550923;1,50407739677627;-25,7491449285152;0
"1111";"Etrumeus_sadina";10,2353269550522;9,32509660927437;-9,76108220554574;0
"1112";"Galaxias_maculatus";9,47947993386836;8,83017744673024;-7,3532212807179;0
"1113";"Galeus_melastomus";1,81727492831939;4,02237106259701;54,8208034505379;0
"1114";"Genidens_barbus";3,80144396618707;5,02388052084628;24,3325164598717;0
"1115";"Genypterus_blacodes";9,9709507122715;13,9978321147582;28,7678932671372;1
"1116";"Gerlachea_australis";8,08818986180964;6,95400253014746;-16,3098492809742;0
"1117";"Girella_tricuspidata";9,57436766275341;12,8340144159648;25,3984968970938;0
"1118";"Gymnothorax_phasmatodes";10,1990055201897;7,49886973397693;-36,0072368503565;0
"1119";"Haemulon_album";11,947753505247;14,2209756660724;15,9849943787523;0
"1120";"Hemigaleus_microstoma";1,5134200830666;2,19722457733622;31,1212837013967;0
"1121";"Hemilepidotus_gilberti";8,76215765337844;10,8589989975636;19,3097111865985;0
"1122";"Heterodontus_japonicus";2,83398514210082;2,89037175789616;1,950843023611;0
"1123";"Hippocampus_reidi";5,47512011831287;6,78671695060508;19,3259398003223;0
"1124";"Hippocampus_spinosissimus";5,47512011831287;6,52649485957079;16,1093322507736;0
"1125";"Hypanus_longus";0,855143992115454;0,693147180559945;-23,3711996670957;0
"1126";"Hyporhamphus_melanochir";7,98407563888763;9,21034037197618;13,314000173323;0
"1127";"Isistius_brasiliensis";2,15656319736829;2,19722457733622;1,85057915277943;0
"1128";"Istiophorus_platypterus";15,8202540887168;14,5562476588796;-8,68360074284756;0
"1129";"Kyphosus_cinerascens";9,88327071067403;9,00853013859837;-9,7101364886121;0
"1130";"Labrisomus_nuchipinnis";7,98980226916133;8,51719319141624;6,19207420099879;0
"1131";"Labrus_bergylta";11,5298838389054;6,21460809842219;-85,5287357835596;1
"1132";"Lachnolaimus_maximus";11,2129412210747;11,9868671631669;6,45644880816157;0
"1133";"Lamna_ditropis";1,39703972598802;1,38629436111989;-0,775114230389694;0
"1134";"Lates_calcarifer";11,9219965895118;17,2654981037959;30,9490145153085;1
"1135";"Leucoraja_naevus";3,41650120011505;4,0943445622221;16,5556013131237;0
"1136";"Lutjanus_malabaricus";13,0099534418142;15,6072700271923;16,6417097984006;0
"1137";"Lycengraulis_grossidens";9,4580347565875;8,23004431012611;-14,9208242408913;0
"1138";"Mallotus_villosus";9,8409245712011;9,80565419218737;-0,359694298028897;0
"1139";"Maurolicus_muelleri";8,75484904885541;9,72543686259282;9,97988910370294;0
"1140";"Mobula_japanica";0,172233707347109;0;-Inf;0
"1141";"Mola_mola";10,739038984553;19,5192930326205;44,9824388280559;1
"1142";"Mustelus_griseus";2,04935331884238;2,35137525716348;12,8444805822035;0
"1143";"Mycteroperca_microlepis";13,1373570214547;14,1001290048039;6,82810762242802;0
"1144";"Negaprion_acutidens";2,09342760224251;1,94591014905531;-7,58089746635094;0
"1145";"Nemadactylus_macropterus";12,166782659953;13,2176735572087;7,95064950505274;0
"1146";"Nemipterus_mesoprion";10,5440455491794;9,1235835080499;-15,5691241262405;0
"1147";"Neogobius_melanostomus";8,59641869794846;7,19618707032446;-19,4579659191776;0
"1148";"Odax_pullus";10,6372851345398;12,4332082181139;14,4445669377404;0
"1149";"Ophiodon_elongatus";9,93314954163585;12,5425448821514;20,8043532236336;0
"1150";"Pagellus_bellottii";12,4178769619742;12,3609373560911;-0,460641488932406;0
"1151";"Parupeneus_multifasciatus";10,3597956834568;8,9782822032724;-15,3872806501991;0
"1152";"Plecoglossus_altivelis";9,57030772566909;11,289781913656;15,2303578681804;0
"1153";"Pleuronectes_platessa";12,7451161844427;12,0167497131295;-6,06126023010522;0
"1154";"Polyprion_americanus";14,0350918195253;15,8237245903557;11,3034877510478;0
"1155";"Pomatomus_saltatrix";11,4184930271482;13,4275213528195;14,9620192206914;0
"1156";"Priacanthus_hamrur";12,4172473265892;11,6284748968788;-6,78311160066326;0
"1157";"Pristiophorus_japonicus";2,27841904567245;2,484906649788;8,30967248339758;0
"1158";"Pseudobatos_percellens";1,6824955049912;1,6094379124341;-4,53932344905485;0
"1159";"Remora_osteochir";12,7425066656468;9,85482238055485;-29,3022458810604;1
"1160";"Sardinella_brasiliensis";10,2800367068995;10,0569808734932;-2,2179204297206;0
"1161";"Sardinella_marquesensis";10,2800367068995;8,33086361322474;-23,3970112123858;0
"1162";"Sardinella_zunasi";10,2800367068995;10,4282160814711;1,4209465302017;0
"1163";"Schroederichthys_bivius";0,889664327359718;0,693147180559945;-28,3514313137681;0
"1164";"Schroederichthys_maculatus";0,889664327359718;0,693147180559945;-28,3514313137681;0
"1165";"Scomber_colias";13,046764500749;12,4984157136454;-4,38734636186671;0
"1166";"Scomberomorus_guttatus";13,6154100275612;11,7254932899123;-16,1180147471905;0
"1167";"Scyliorhinus_cervigoni";1,6397852851267;0,693147180559945;-136,571009897499;0
"1168";"Scyliorhinus_haeckelii";1,6397852851267;0,693147180559945;-136,571009897499;0
"1169";"Sebastes_alutus";12,2832411105794;11,9233781145894;-3,01812953117433;0
"1170";"Sebastes_caurinus";12,2832411105794;12,7068479334427;3,33368924443036;0
"1171";"Sebastes_crameri";12,2832411105794;12,8292255605183;4,25578650373999;0
"1172";"Sebastes_schlegelii";12,2832411105794;12,9287786283317;4,99302785135242;0
"1173";"Sebastolobus_alascanus";11,9244917597643;13,1186023134621;9,10242208098971;0
"1174";"Sebastolobus_altivelis";11,9244917597643;10,8197782844103;-10,2101304325776;0
"1175";"Sicyopterus_japonicus";8,97929581531629;11,6111405124672;22,6665476515854;0
"1176";"Siganus_canaliculatus";12,4703085859225;12,9659448613126;3,82260051767585;0
"1177";"Siganus_fuscescens";12,4703085859225;12,9033670477988;3,35616634225853;0
"1178";"Sphyraena_argentea";12,8696160481079;12,4799093111599;-3,12267282743403;0
"1179";"Sphyraena_sphyraena";12,8696160481079;11,2267822079345;-14,6331674539151;0
"1180";"Sphyrna_couardi";2,53093761444875;3,25809653802148;22,3185198807616;0
"1181";"Squatina_squatina";1,79362873766558;2,63905732961526;32,0352491953228;0
"1182";"Stellifer_brasiliensis";12,0215361136898;9,42375676753181;-27,5662817944141;0
"1183";"Stellifer_rastrifer";12,0215361136898;9,55350445388697;-25,8337835264072;0
"1184";"Tetronarce_californica";3,45184647185522;2,91777073208428;-18,3042393940743;0
"1185";"Thunnus_orientalis";14,7643419064007;16,4057777234101;10,0052301371069;0
"1186";"Trachipterus_arcticus";11,9256272068202;13,1223633774043;9,11982191138516;0
"1187";"Trachurus_symmetricus";12,2144837758137;10,8780471925343;-12,2856295769392;0
"1188";"Urotrygon_rogersi";1,12112369940541;0,693147180559945;-61,7439601355275;0
"1189";"Vincentia_conspersa";7,94886402139335;5,29831736654804;-50,0261964596544;0
"1190";"Zoramia_leptacanthus";6,8834166367809;7,18538701558042;4,20256248055592;0
