"","path","Parameter","EstimateNotStd","EstimateStd","jack_001_Anoplogaster_EstimateNotStd","jack_001_Anoplogaster_EstimateStd","jack_002_Arnoglossus_EstimateNotStd","jack_002_Arnoglossus_EstimateStd","jack_003_Brevoortia_EstimateNotStd","jack_003_Brevoortia_EstimateStd","jack_004_Buglossidium_EstimateNotStd","jack_004_Buglossidium_EstimateStd","jack_005_Callionymus_EstimateNotStd","jack_005_Callionymus_EstimateStd","jack_006_Carcharhinus_EstimateNotStd","jack_006_Carcharhinus_EstimateStd","jack_007_Chaenocephalus_EstimateNotStd","jack_007_Chaenocephalus_EstimateStd","jack_008_Channa_EstimateNotStd","jack_008_Channa_EstimateStd","jack_009_Chelon_EstimateNotStd","jack_009_Chelon_EstimateStd","jack_010_Chiloscyllium_EstimateNotStd","jack_010_Chiloscyllium_EstimateStd","jack_011_Chromis_EstimateNotStd","jack_011_Chromis_EstimateStd","jack_012_Engraulis_EstimateNotStd","jack_012_Engraulis_EstimateStd","jack_013_Gadus_EstimateNotStd","jack_013_Gadus_EstimateStd","jack_014_Gasterosteus_EstimateNotStd","jack_014_Gasterosteus_EstimateStd","jack_015_Gillichthys_EstimateNotStd","jack_015_Gillichthys_EstimateStd","jack_016_Glossogobius_EstimateNotStd","jack_016_Glossogobius_EstimateStd","jack_017_Hippocampus_EstimateNotStd","jack_017_Hippocampus_EstimateStd","jack_018_Hippoglossoides_EstimateNotStd","jack_018_Hippoglossoides_EstimateStd","jack_019_Limanda_EstimateNotStd","jack_019_Limanda_EstimateStd","jack_020_Lipophrys_EstimateNotStd","jack_020_Lipophrys_EstimateStd","jack_021_Lutjanus_EstimateNotStd","jack_021_Lutjanus_EstimateStd","jack_022_Mugil_EstimateNotStd","jack_022_Mugil_EstimateStd","jack_023_Notothenia_EstimateNotStd","jack_023_Notothenia_EstimateStd","jack_024_Ophiodon_EstimateNotStd","jack_024_Ophiodon_EstimateStd","jack_025_Pleuronectes_EstimateNotStd","jack_025_Pleuronectes_EstimateStd","jack_026_Pomadasys_EstimateNotStd","jack_026_Pomadasys_EstimateStd","jack_027_Pseudopleuronectes_EstimateNotStd","jack_027_Pseudopleuronectes_EstimateStd","jack_028_Scomber_EstimateNotStd","jack_028_Scomber_EstimateStd","jack_029_Scophthalmus_EstimateNotStd","jack_029_Scophthalmus_EstimateStd","jack_030_Scyliorhinus_EstimateNotStd","jack_030_Scyliorhinus_EstimateStd","jack_031_Sebastolobus_EstimateNotStd","jack_031_Sebastolobus_EstimateStd","jack_032_Solea_EstimateNotStd","jack_032_Solea_EstimateStd","jack_033_Squalus_EstimateNotStd","jack_033_Squalus_EstimateStd","jack_034_Thunnus_EstimateNotStd","jack_034_Thunnus_EstimateStd","jack_035_Torpedo_EstimateNotStd","jack_035_Torpedo_EstimateStd","jack_036_Trematomus_EstimateNotStd","jack_036_Trematomus_EstimateStd","jack_037_Zoarces_EstimateNotStd","jack_037_Zoarces_EstimateStd","jack_038_Chanos_EstimateNotStd","jack_038_Chanos_EstimateStd","jack_039_Dorosoma_EstimateNotStd","jack_039_Dorosoma_EstimateStd","jack_040_Eleginus_EstimateNotStd","jack_040_Eleginus_EstimateStd","jack_041_Gilchristella_EstimateNotStd","jack_041_Gilchristella_EstimateStd","jack_042_Oncorhynchus_EstimateNotStd","jack_042_Oncorhynchus_EstimateStd","jack_043_Salmo_EstimateNotStd","jack_043_Salmo_EstimateStd"
"1","habitatbenthopelagic->c_m","p0",-0.0686244448397282,-0.0511213567508535,-0.0671942762634586,-0.0500889587576638,-0.0886035417787267,-0.0646565040032048,-0.0783151026304441,-0.0589158164872842,-0.0687623504771484,-0.051229435765873,-0.0483346513525243,-0.0321763933376711,-0.0800866543260833,-0.0585781057015257,-0.0732511797699352,-0.0550709181393843,-0.0525921194977706,-0.0401219028993227,-0.0727014737657252,-0.0541299796396009,-0.0682357698768241,-0.0506295110064736,-0.0414750228559664,-0.0283140830835901,-0.0211047924882246,-0.0168187620033617,-0.04711008017739,-0.0350236361888763,-0.0898260842962559,-0.0670229866679943,-0.059693321634825,-0.051812534498257,-0.0450584946637711,-0.0373593636745046,-0.0631416157009919,-0.0462348068646356,-0.0727957862281144,-0.0545141152900922,-0.0679188572105515,-0.0504581676580146,-0.0691189990054848,-0.0516061242758627,-0.0352099724875595,-0.0240393710931029,-0.0637414733704959,-0.0477120075034327,-0.0584672627861746,-0.0433648165134809,-0.0714564181338911,-0.0530948115571763,-0.0720785743073847,-0.0539243406557635,-0.0809286941161159,-0.060261875816333,-0.0569225579738477,-0.0457608866859427,-0.0610545913313055,-0.0453229940745934,-0.0675327653468594,-0.0501727570479053,-0.0992087403619822,-0.0748340883826682,-0.0509111301077414,-0.0377581401627423,-0.0666737740454264,-0.0492579274147088,-0.0655432573821612,-0.0484387705024221,-0.0694385930610656,-0.0512586966940833,-0.0662043026238855,-0.0487459786844259,-0.0826017754533707,-0.0614863576512424,-0.0526388291062932,-0.039501393921267,-0.0756469455349492,-0.0565554893199375,-0.0709273952988585,-0.0526920022867621,-0.065868709309635,-0.0489565239196345,-0.0730844253187294,-0.0545835244858574,-0.0683021696882954,-0.0503853480594776,-0.0699744348354255,-0.0500906415833971
"2","habitatdemersal->c_m","p1",-0.14992820982747,-0.11836469098594,-0.144209213842819,-0.113913616847273,-0.143698134503378,-0.111193278614405,-0.165548838679343,-0.13202255455441,-0.149165990417731,-0.117773100482023,-0.223983586323539,-0.158097963734788,-0.154589144848095,-0.119880493564288,-0.138567987955424,-0.110406918373999,-0.152485603244273,-0.123279263318283,-0.146048794033024,-0.115231530271676,-0.151035333345547,-0.1187650182944,-0.212901701357535,-0.154090673643089,-0.0876154010575934,-0.0739783971119234,-0.165586396183085,-0.130477404855141,-0.135701071837786,-0.107321361301854,-0.169303190026388,-0.15589510279193,-0.145960832751731,-0.128344505809668,-0.148324394432062,-0.115069924817905,-0.139684882827359,-0.11086123306261,-0.152175201559277,-0.119812162322589,-0.159423158812376,-0.126175520956356,-0.21383119228102,-0.154792141514674,-0.153215582613525,-0.121571327089349,-0.157919595415362,-0.124129164332152,-0.147059165091489,-0.115806150782854,-0.143334762118066,-0.113642742194804,-0.166033007232428,-0.13103175056487,-0.142122932190135,-0.121023190753564,-0.14541194993966,-0.1144071754842,-0.153693759562154,-0.121007965495809,-0.132843783296319,-0.10626713347236,-0.174747224228618,-0.137372004111622,-0.156759963472886,-0.122742289670623,-0.153423772112896,-0.120168719389599,-0.159994156835339,-0.125179406413549,-0.155346049385286,-0.121225414560803,-0.147637767586317,-0.116479659561188,-0.166886692091754,-0.13268210922004,-0.144783793117194,-0.114701669955006,-0.160069140938778,-0.126032210413439,-0.153405984776275,-0.120840247217637,-0.152455435095454,-0.120669951506567,-0.154822470592387,-0.121044519384543,-0.168567673178845,-0.127917828176487
"3","habitatpelagic->c_m","p2",0.134850964896771,0.141462745660544,0.125206806857543,0.131438659721499,0.13015026350165,0.13388029386406,0.154211296138018,0.163317997751664,0.134624867777564,0.14124262288745,0.16556043487194,0.155162139473932,0.135919909191914,0.140020998132212,0.120725876581426,0.127826602905597,0.128821098623418,0.138279807420841,0.137516195292974,0.14416576612798,0.135496136088199,0.141574757741871,0.145789874104338,0.14020962324938,0.0970640087446037,0.109034985251443,0.134601891121497,0.140873187838899,0.139736396819411,0.146826582419253,0.108435078437913,0.1325334741017,0.0810392714502477,0.0947041173752238,0.141142248024229,0.14557391477107,0.129176888230333,0.136230848478483,0.136101060343004,0.142387054639773,0.141291131063584,0.148538314270484,0.133569591228093,0.128457723859601,0.138518955796029,0.145994012017828,0.136111850457804,0.142137130602749,0.132113742762815,0.138240039047558,0.132008370716352,0.13907278217615,0.131439372984814,0.137802488651448,0.130603674896598,0.147798391940617,0.126487405079311,0.132248880064149,0.1375799467647,0.143939885929355,0.142388535596257,0.151347303021557,0.141259635463709,0.147492423404346,0.137791055251743,0.143349679357617,0.127280503712315,0.132499992836823,0.139829377363019,0.14534218420238,0.137268483444784,0.142331139400287,0.148534539160238,0.155679843593598,0.137071821723254,0.144834280214647,0.136205687870861,0.143431398284929,0.140890986561249,0.147371172186563,0.134275148389945,0.140543978769404,0.140196077088536,0.147441361625624,0.137892099283569,0.143256902857463,0.144020064022314,0.1452221819383
"4","Temperature->K","p3",0.0279073812619317,0.281229806523648,0.0278493783592676,0.2803260182178,0.0280556611952851,0.283158629312795,0.0279559137951365,0.28263199185116,0.0279089588665856,0.281126980145952,0.0283557285675072,0.2914994782287,0.0281691122041549,0.28552126095921,0.0280337832020143,0.282511041083568,0.0277771115658266,0.279141254069701,0.0279342248589776,0.281454717507203,0.0279199850190482,0.281452278256415,0.0281135046276849,0.288929068016081,0.027564738313579,0.280889970344036,0.0280307708625794,0.284389601567346,0.0279522532064557,0.281064001783189,0.0275139962008096,0.274192756167265,0.0273288744555172,0.272926749102366,0.0281168319301461,0.283549068743841,0.0280502768359591,0.282451121879444,0.0279057448148396,0.281296847933189,0.0279398011647295,0.282039891740293,0.0280204545396902,0.289456113671529,0.0278774019187504,0.281259624048859,0.0279150436984331,0.2821399547202,0.0279506678098352,0.282014061993328,0.0278898164628707,0.280617037352356,0.0281861396394336,0.285035001836324,0.0281125088633088,0.282330517271326,0.0279179783871597,0.282420612813708,0.0279113159962209,0.281304110740431,0.0282972755455661,0.28639459807674,0.0280467028112184,0.285344935679701,0.0279844541995315,0.28240149728236,0.0278975230842982,0.28205841751613,0.0279560526930651,0.282402929286276,0.0279529563969838,0.282151795445528,0.0280479347049233,0.282756150464654,0.0277176415180218,0.280368292017146,0.0279520610669988,0.281122971994408,0.027889144922951,0.281369988010215,0.0278888507183826,0.281236604061028,0.0279312493950797,0.281245095351671,0.027965387263083,0.282498410689147,0.0280972118961075,0.285322819234861
"5","Temperature->M","p4",0.0299488252986775,0.289520964165586,0.0298664915843651,0.288370070125062,0.0301052980248252,0.291678543129749,0.0299941969446481,0.291086337045253,0.0299515959766742,0.289356612714074,0.0303290208204673,0.298626881160929,0.030260987687652,0.293801245771683,0.0301559977438363,0.291607346764708,0.0297938050947152,0.287103790620194,0.0299753261669225,0.289814261251573,0.0299613534878762,0.28974601002387,0.0299940593137449,0.294508012992284,0.0294134743041917,0.287709909323322,0.0301017452414384,0.293355753028549,0.0300608612353865,0.290471108184406,0.029545849116175,0.281925492855274,0.0292162754078733,0.279927411025942,0.0301394965098981,0.291333897361548,0.0302045193666242,0.292240992651814,0.0299483935809701,0.289618217744856,0.0299482113122591,0.289764852147827,0.0300115964981378,0.30019017450841,0.0299150763231302,0.289365940758526,0.029951443049526,0.290440450691436,0.0300014411154289,0.290491718055135,0.0299228727116546,0.288575498610236,0.0302846759452836,0.293316353241996,0.0301061533260141,0.289851682680308,0.0299313040105035,0.290586892625091,0.0299784832262469,0.289916240957892,0.030508006001963,0.296640710482009,0.0300887261907651,0.293241969877499,0.0300443536688436,0.290865192028009,0.0299036927662991,0.290207725316534,0.029991913595661,0.290728480144282,0.0299895277166375,0.290369483105919,0.0301399661549976,0.291243670093272,0.0296684857800011,0.287596504901607,0.0299948760827398,0.289578009591586,0.0298902168068782,0.289283956218296,0.0299125538446696,0.289379853648342,0.0299838865983821,0.289622287404907,0.0299877347733354,0.290504566756072,0.0300964316875486,0.293363517623354
"6","Temperature->Loo","p5",-0.0173911363072487,-0.176948110172836,-0.0173974188353519,-0.177018406862858,-0.0173914536998989,-0.176979765807082,-0.0173758820104202,-0.176789011572652,-0.0173921347508465,-0.176953100601869,-0.0173663693717145,-0.176830920054141,-0.0173791722723256,-0.176838273273715,-0.017384349246594,-0.17690904617767,-0.0173909695896666,-0.176931489266476,-0.0173931006092795,-0.176972602799606,-0.0173905729925083,-0.176946267342165,-0.017365171050811,-0.176776575237255,-0.0173895366971951,-0.176944923802165,-0.0173729308484143,-0.176808346368919,-0.0173950651153582,-0.177004448034725,-0.0173876567052181,-0.176893442719151,-0.0174172485728249,-0.177144059927914,-0.0174071790296192,-0.177149690615223,-0.0173843519195993,-0.176907857957315,-0.0173903254757893,-0.176942236832323,-0.0173856071607632,-0.176907949675841,-0.0173664011005816,-0.176788021494801,-0.0173905042886918,-0.176946472241223,-0.0173845956369316,-0.176895451473213,-0.0173896108640287,-0.176953068842507,-0.0173942578546606,-0.176980934871722,-0.0173829132922555,-0.176904968220215,-0.0173894477376365,-0.176975785447155,-0.0173914330097122,-0.176938051158106,-0.0173920442128688,-0.176958545696318,-0.017385672274846,-0.176918239365064,-0.0173718112053341,-0.176818098866354,-0.0173866159921706,-0.176907352382375,-0.0173894575371268,-0.176938377067109,-0.0173935935420334,-0.176969618216608,-0.0173884100870034,-0.176934763529664,-0.0173904451998951,-0.176932121005274,-0.0173871441150104,-0.176863905535893,-0.0173921275539093,-0.176952781112157,-0.0173920811089155,-0.176962315697576,-0.0173898954537492,-0.17693812383743,-0.0173910832614797,-0.176953630893209,-0.0173887377001809,-0.17693598146461,-0.0173884866128157,-0.176990826896396
"7","Loo->K","p6",-0.790563285424531,-0.782998507372953,-0.790824186743969,-0.782337661219157,-0.790051916351589,-0.783568904170433,-0.790507060753133,-0.785497796662524,-0.79039063713161,-0.782519905179997,-0.790101833038087,-0.797683976086902,-0.788722312301373,-0.785673748961874,-0.791846852136097,-0.784157511628787,-0.790897181764807,-0.781224100639537,-0.790566476400356,-0.782854897453772,-0.79055971501995,-0.783243417017968,-0.788858911683995,-0.796397584938966,-0.790419009813872,-0.791570568604169,-0.79119401226479,-0.78873659638591,-0.79175191505854,-0.782382999245824,-0.793484342401745,-0.777266568230701,-0.791676870288193,-0.777365512509133,-0.789947232340487,-0.782794778337912,-0.791054347069831,-0.782751403104205,-0.790584234204031,-0.783241325630732,-0.79098260083308,-0.78468738681103,-0.789210741994748,-0.80086171091647,-0.790380482473927,-0.783721155217135,-0.790670669884013,-0.785361914392536,-0.790885181819109,-0.784194475893026,-0.790796021349537,-0.78200994031719,-0.790918483226303,-0.785917308722321,-0.791067588498626,-0.780627327689802,-0.790790185385958,-0.786299181582002,-0.790406244565024,-0.782934116686682,-0.788881883775904,-0.784604981624093,-0.789762495608249,-0.789411132318548,-0.790261835939972,-0.783773079412566,-0.790302150551388,-0.785290923865025,-0.790666547055862,-0.785013841357555,-0.790548177124803,-0.784205920520606,-0.789793537517193,-0.782580036564788,-0.789392483699844,-0.784972879214593,-0.79069721462834,-0.78160625653064,-0.790398279220387,-0.783717092129459,-0.790614733007258,-0.783577007132127,-0.790462081198407,-0.782244993722531,-0.790515762628289,-0.784797484085685,-0.790443073797013,-0.788596608939883
"8","Loo->M","p7",-0.7088654666406,-0.673513141223054,-0.709320611242758,-0.673092799778329,-0.707704345141105,-0.673791739263116,-0.708795120049931,-0.676078137615703,-0.708597177340705,-0.672833452246393,-0.70823155528736,-0.684851812606184,-0.706237680017144,-0.673867081486598,-0.710638145181797,-0.675276555700793,-0.709552906015356,-0.672072924942977,-0.708924135065943,-0.673637984748777,-0.708848886233217,-0.673724255098844,-0.707055600719463,-0.681977090994426,-0.708907012299191,-0.681471455686861,-0.710046510024289,-0.679923512041634,-0.710732000867671,-0.674915296963505,-0.713780763010558,-0.669471409332349,-0.710585340778562,-0.669406272672531,-0.706819140465229,-0.671353604619907,-0.709215519342033,-0.674308783027111,-0.708882822460182,-0.673756541126257,-0.709524113962556,-0.674659266229902,-0.706084736707258,-0.693779063815211,-0.708414502380106,-0.673464964373734,-0.709235634510185,-0.6758928093221,-0.709457192222858,-0.675071229203916,-0.709368342528778,-0.672368550622352,-0.709458018841736,-0.67518468334782,-0.709122298404721,-0.67083179755491,-0.709071015757452,-0.676634667026879,-0.708482992890538,-0.67339735936234,-0.70581008757799,-0.6744094864889,-0.707791119604291,-0.677713004833756,-0.708506007999875,-0.674126815953998,-0.708562084102757,-0.675812236666342,-0.709088828584732,-0.67557667726697,-0.708755933268564,-0.674411173009305,-0.707548647621892,-0.672007401707469,-0.707421430552915,-0.674148352517278,-0.709078845841225,-0.672834659288745,-0.70847558519441,-0.67389297791005,-0.708957179794303,-0.6740783170926,-0.708652827569722,-0.67273609955146,-0.708943782916063,-0.67495217032428,-0.708543903184054,-0.678529742822652
"9","Loo->Max_body_width","p8",-0.00500845013479283,-0.0224889095694366,-0.00497107615659001,-0.0223207961879358,-0.00493707771759185,-0.0221671759641372,-0.00513744984615798,-0.0230678939677458,-0.00501181289504885,-0.0225047047902407,-0.00501034739735504,-0.0224823757835282,-0.00496459429761155,-0.0222911730982362,-0.0049257498016037,-0.0221145422503207,-0.00504081867891103,-0.0226362283075419,-0.00499100206195633,-0.0224100758746833,-0.0050018891413388,-0.0224590314620454,-0.00496293662844365,-0.0222727080060914,-0.00518608518228025,-0.0232817135247424,-0.00498308211710993,-0.0223684973676578,-0.00493391227283054,-0.0221517438467425,-0.00525236459770154,-0.0235902138144742,-0.0049981411930084,-0.0224485831452042,-0.00483324133544567,-0.0217023627829417,-0.00494007808521806,-0.0221804927290381,-0.0050056698564972,-0.0224761428090654,-0.00503277024363065,-0.0225969719144262,-0.00507663077102986,-0.0227821934941119,-0.00499299923194989,-0.022418542999488,-0.00501501342493803,-0.0225155775404688,-0.00497281200971167,-0.0223263994056123,-0.00502399857637486,-0.0225589378511726,-0.00487133290609868,-0.02186945460276,-0.00481330489998365,-0.021610011276029,-0.00497005955390844,-0.0223176861205374,-0.00496738445532897,-0.0223039780187924,-0.00494631878860975,-0.022206997065998,-0.00503854893465422,-0.0226171546736127,-0.00499116056360461,-0.0224102910978397,-0.00501280418383749,-0.0225073233156781,-0.00497240512551257,-0.0223269439263917,-0.00498544798318379,-0.022383980712341,-0.0049983533440545,-0.02244478899755,-0.00518286208793982,-0.0232758814694685,-0.00498934376116639,-0.0224039520565397,-0.00503254773204183,-0.02259676597729,-0.00501854393440753,-0.0225338488657191,-0.00498112254355272,-0.0223659434210499,-0.00496398784269038,-0.0222876645314183,-0.0049138838360794,-0.0220558041876132
"10","Loo->Max_body_depth","p9",-0.0131253397271532,-0.0535543016673875,-0.0131907656780504,-0.0538268519732161,-0.0132298041573297,-0.05397512948811,-0.0129460580244309,-0.0528090340361109,-0.0131184451322696,-0.0535275109977307,-0.0131990278019307,-0.0538037043864329,-0.0129368072757227,-0.0527827475875094,-0.0132451234144442,-0.054041115360317,-0.0130704455632916,-0.0533371050520866,-0.0131614546841423,-0.0537019577573607,-0.0131341847979003,-0.0535895746698023,-0.0131768201276657,-0.0537301893361496,-0.0129084281506815,-0.0526332399877057,-0.013160459240144,-0.0536810491680187,-0.0132410874388078,-0.0540275266605172,-0.0128549730093078,-0.0524478671673234,-0.0131479495663479,-0.053684658359787,-0.0133667279666636,-0.0545539793672622,-0.013233101715887,-0.0539913541389118,-0.0131282650298759,-0.0535658862607267,-0.013099297756112,-0.0534398444465017,-0.013027616115859,-0.0531159496038359,-0.0131310879436168,-0.0535776612782913,-0.0131131862031293,-0.0534984608563432,-0.0131808015162691,-0.0537775002861922,-0.013118675885592,-0.0535247613241362,-0.0133974155842321,-0.0546650815933138,-0.0134325332125499,-0.0548108406288111,-0.0131482521206503,-0.0536475378851676,-0.0131623477193837,-0.0537098873691378,-0.0130456145424603,-0.0532235381156169,-0.0130779659347491,-0.0533419840664031,-0.0131237276436427,-0.0535464438104593,-0.0130945960404107,-0.0534244889879931,-0.0131623929494249,-0.0537046087805734,-0.013168909382888,-0.0537287972746395,-0.0131073928976916,-0.0534837547602712,-0.0128896032232114,-0.0525865772744795,-0.0131547905966674,-0.0536775174506475,-0.0131000649995857,-0.0534463025065952,-0.0131121099755255,-0.0534980812708162,-0.0131700388813295,-0.0537398049287117,-0.013211024205054,-0.0539027793710942,-0.0132480274850317,-0.0540349487391908
"11","Loo->Lower_jaw_length","p10",0.0494289911884392,0.11562301625026,0.0494773980800314,0.115728448950964,0.0496259076293869,0.116076531882928,0.0492974505508844,0.115315268803644,0.0494189675512307,0.115602357994154,0.0497765468940761,0.116352625521902,0.0492356768683112,0.115156691202331,0.0496322547090718,0.116108917611506,0.0493777821532924,0.115516401563115,0.0494734591732562,0.115724493517406,0.0494426434500453,0.115652639109745,0.0495980158036028,0.115955174319735,0.0490501868543607,0.114684776397051,0.0494924821196274,0.115747101750188,0.0495615337207809,0.115934895406854,0.0490501850631481,0.114726578041581,0.0493526209623042,0.115492682129984,0.049595373984808,0.115976071218782,0.0496401880473243,0.116122024243829,0.0494371445276831,0.115641445461436,0.049431806975009,0.115621926229023,0.0495228430445528,0.115783101066576,0.0494106130621523,0.115572699706474,0.0494203154141253,0.115591475718254,0.0495024848213925,0.115785703631455,0.0494149213893661,0.115586984592739,0.0497747832315334,0.11642238663874,0.0498701815441542,0.116663512244735,0.0493666604966799,0.115481377636691,0.0494523774748935,0.115676533543459,0.0493313435616311,0.115375922157162,0.0494395020695875,0.115597936482889,0.0494320725701236,0.115628404778285,0.0493972332085363,0.115541778304157,0.04941208053845,0.115583814579,0.0494914898979898,0.11576098555062,0.0494056465793918,0.1155728764956,0.0492021700307122,0.115110176985019,0.0494630491170591,0.11571285301755,0.0494137140069857,0.115579535519447,0.0494195694291506,0.11559940069186,0.0494891030327363,0.115762799871186,0.0495330072562204,0.115860778555419,0.0496164333354427,0.116019155441351
"12","Loo->Min_caudalpeduncle_depth","p11",-0.043494822967499,-0.0860067082148082,-0.0435783889630252,-0.0861699963426215,-0.0436130250842612,-0.0862275558425973,-0.043313301981541,-0.0856455915233676,-0.043488815377664,-0.0859973159966837,-0.0435883135965903,-0.0861256293421039,-0.0433600461197394,-0.0857332813099471,-0.0435842323316725,-0.0861722106244527,-0.0434105959407646,-0.0858467272126486,-0.0435371953928595,-0.0860885826556706,-0.0435049408351841,-0.0860249820038928,-0.0435571984638645,-0.0860836384930195,-0.0433563206842964,-0.0857243536073723,-0.0435140890801488,-0.0860257940285249,-0.0435999441222987,-0.0862078417002648,-0.0432833282177704,-0.0856055331184355,-0.0434931274592786,-0.086033115704972,-0.0439031300683225,-0.0868237444041392,-0.0435928490324492,-0.0861896439197707,-0.0434965599511542,-0.0860089493596375,-0.0434652174266766,-0.085941024649911,-0.0433603310486994,-0.085690845097519,-0.0434957746225722,-0.0860051165653944,-0.0434728454067696,-0.0859541651752924,-0.0435505100306307,-0.0861072262729454,-0.0434933600200847,-0.0860037813864627,-0.0437560875811984,-0.0865089646238203,-0.0437848536088961,-0.0865707706095624,-0.0435925685120828,-0.0862078132001737,-0.0435389929516324,-0.0860945035527514,-0.0434663642688225,-0.085938426428553,-0.0434900327576511,-0.0859670344696268,-0.0434933869247268,-0.0860014513303583,-0.0434710826541964,-0.0859554651594766,-0.0435791896955932,-0.0861776840365116,-0.0435389602705506,-0.0860876001673513,-0.0434841113761084,-0.0859898456978062,-0.0432061890423257,-0.0854450887790315,-0.0435209764377601,-0.0860627720994327,-0.0434678572576106,-0.0859500187240345,-0.0434787682579924,-0.0859734229602492,-0.0435296789929147,-0.0860727596414838,-0.0435736887335776,-0.0861571880290195,-0.0436614706284969,-0.0863045769124109
"13","Loo->Woo","p12",2.94324745073211,2.75248048376531,2.9436232968118,2.75513075494495,2.94408249075196,2.7615686397212,2.94268461617499,2.74463699380049,2.9430796719799,2.75265603281975,2.94597603055653,2.75899942763133,2.94316529802085,2.75933969373213,2.94484795613749,2.75781097596737,2.94302771757869,2.75207740473043,2.94338793103722,2.75323216711458,2.94334951273995,2.75295889779674,2.94437459270483,2.7531224187183,2.94199959662124,2.7345911220093,2.9443559626392,2.75130279458766,2.94439331670718,2.75554886285261,2.94386445182088,2.7491876479509,2.94175923333493,2.74586163826902,2.94506526001904,2.77476984165207,2.94470163984076,2.76230187143762,2.94331132788509,2.7526844080768,2.94376010979882,2.75306134342361,2.94405305326311,2.74584710288047,2.94323763167051,2.75279089803905,2.94343676658552,2.75018125492852,2.94395173084518,2.75495436740614,2.94343623647685,2.75382026895998,2.94527543790249,2.7640900106684,2.94600194289746,2.77632175238771,2.94334415983341,2.75246969132454,2.94331111471551,2.75400632472778,2.94332683437949,2.75755499050279,2.94402705558305,2.75351130467447,2.94328570648201,2.75310041341451,2.94314284093736,2.75067790955236,2.94334702801351,2.75207707048415,2.94361668491209,2.75387777701535,2.94288451755267,2.75373525405056,2.94126136783635,2.74026494198011,2.94334112419068,2.75414205531386,2.94321057260954,2.75178763297317,2.94326383990801,2.75179817370046,2.94336683411551,2.75452510023514,2.94374495159086,2.75583483175894,2.94468874413441,2.75628462671521
"14","Max_body_depth->c_m","p13",-2.96040904666539,-0.181449788401045,-3.11420032921361,-0.190973238877519,-3.24912996460794,-0.195125321204905,-2.63787557116902,-0.163347078258748,-2.95482340943254,-0.181126315378406,-3.58137093143176,-0.196154055608321,-3.16141827742927,-0.190290599297078,-3.08470395605323,-0.190792919780983,-2.86047203345939,-0.179525007202904,-3.01727111735862,-0.184832460950531,-2.99701151070813,-0.182960268795924,-3.39305266949344,-0.190549803874323,-2.03354101422509,-0.133352674079903,-2.91688669680777,-0.178402508396385,-3.07931412561304,-0.189063691188945,-2.36754525473758,-0.169153828176448,-3.00741237281215,-0.205088698114995,-3.66315471653819,-0.220554207355191,-3.05438648162685,-0.188184226970553,-2.97640766237742,-0.181931147604222,-2.88165125795348,-0.177047861201098,-3.06697366135172,-0.172267433101712,-3.00281530618658,-0.184937907481635,-2.93868079500784,-0.179325756969226,-3.02773598145284,-0.185095501329464,-2.89412388428185,-0.178159519669825,-3.27028688277453,-0.200331032195868,-3.07504536503163,-0.203302604552941,-2.85347641681109,-0.174288926326949,-3.09171101479822,-0.188965930297066,-2.92814455267384,-0.181809073503977,-3.03160772333221,-0.184966305818209,-3.0269828802265,-0.183994356838954,-2.9619700497405,-0.180101599871363,-2.94427686309993,-0.178835352250398,-3.06566197066905,-0.185713627879234,-2.9862732671868,-0.1829151680706,-2.5283719131302,-0.156125185230448,-2.97162201343034,-0.182788571495161,-2.90376265572361,-0.177508624543038,-2.93231043762626,-0.179320397389996,-3.06841971029752,-0.188542165735599,-3.03929481522207,-0.184459412821239,-3.25050876187659,-0.19144618310918
"15","Max_body_width->c_m","p14",-1.51781236951841,-0.0845359805937345,-1.59485080408323,-0.0888823931345097,-1.976866046132,-0.107875708832101,-1.37623770602615,-0.0774213679019516,-1.52056389267172,-0.0846975620909222,-2.40205313649371,-0.119516115330886,-1.68517708001263,-0.0921714973380369,-1.63142009110091,-0.0917016730009924,-1.43121327726492,-0.0816258395132414,-1.54837603194745,-0.0861928018873784,-1.54622770659312,-0.085775262520776,-1.85312348574882,-0.0945574441153679,-0.9272442751729,-0.0552273750265096,-1.44131810203647,-0.080103671450464,-1.48497617334193,-0.0828606926075136,-1.56363316003922,-0.101484114065476,-0.959074979340833,-0.0594583778155545,-2.25371725813015,-0.123336693969607,-1.80170461167383,-0.100871391996359,-1.52565715451558,-0.0847408809043358,-1.6291019375142,-0.0909434769392638,-1.56396262962025,-0.0798104109129708,-1.47739433300508,-0.0826857947112009,-1.38219835299335,-0.0766448003331978,-1.54672266860808,-0.0859275551054298,-1.54921095238517,-0.08665588686104,-1.76620528325968,-0.0983337009926719,-1.81118122228687,-0.108830404065561,-1.46568231483738,-0.0813447547124063,-1.48870935786778,-0.0826914985679965,-1.51710046715915,-0.085599031372955,-1.7372219882122,-0.096310006448343,-1.50761679059586,-0.0832746798773561,-1.51446167506844,-0.0836758932971671,-1.47412510772412,-0.0813622594508581,-1.59804231400843,-0.0879694665039168,-1.54046427393555,-0.0857410510084593,-1.17548444132676,-0.0659398213574069,-1.53442720667076,-0.0857687415010626,-1.55570298617159,-0.0864113635545702,-1.51066279136752,-0.083945081497807,-1.59499155458491,-0.0890637851108648,-1.54735716952907,-0.0853413251203044,-1.75277927750598,-0.0938097789717535
"16","Lower_jaw_length->c_m","p15",0.907276433813606,0.0969986373937037,0.849567248663039,0.0908906951685353,1.03635731408351,0.108557636898093,0.928533435024242,0.100268133403275,0.903054812105264,0.0965574513732761,1.10723644206695,0.105756524639125,0.904021007193721,0.0949225762576689,1.14512804317729,0.123529173901584,0.913570046903095,0.100012912267034,0.906379771629985,0.0968517180849407,0.91383334994621,0.0973102760247022,0.970731995462896,0.095082189121362,0.408340473820766,0.0466974169575979,0.950008712755768,0.101341667352098,1.0055858916055,0.107694941758889,0.65161219344463,0.0812093468205738,0.868306821945533,0.103316545766112,0.725069961969378,0.0761928293765653,1.08007607279186,0.116063313487525,0.917093692511627,0.0977798074012972,0.937170316739611,0.100427174932029,0.985383216180329,0.0965203051091823,0.858888560664049,0.0922745983498686,0.892707104009938,0.0950193407500837,0.931465464420712,0.0993288643204897,0.88081283395523,0.0945778552890229,0.999736488008776,0.106834069110969,1.08645023801223,0.125289794440977,0.876810077018434,0.0934124159913555,0.899303009817663,0.0958856144096037,0.867330398448701,0.0939408676126282,0.836139814910469,0.0889921075382375,0.939112158874879,0.0995702762525354,0.899501628993456,0.0954005130898261,0.900546497494935,0.0954099552808113,0.924793326345733,0.0977214307023799,0.900412518914026,0.0962028491503336,0.863539430399114,0.0929865369631159,0.964926182829308,0.103527881816614,0.865677026757574,0.0923049524675675,0.912866307638718,0.0973724107441629,0.922530287484025,0.0988835272757891,0.913167512133978,0.0966743740734266,0.971980579875413,0.0998555767730693
"17","Min_caudalpeduncle_depth->c_m","p16",-0.38447603470341,-0.0486253865421771,-0.383830974237426,-0.0485746922488115,-0.389179896812898,-0.0482289002537765,-0.350944545568568,-0.0448314221921775,-0.385111801156336,-0.0487106825920759,-0.473764333008034,-0.0535325883267325,-0.400778836261863,-0.0497789037975581,-0.428237878986392,-0.0546593300673527,-0.377224121091832,-0.0488537329855063,-0.379946082752693,-0.0480271702369799,-0.3886807556139,-0.0489612612293723,-0.408614498038129,-0.047345505072406,-0.381208016791657,-0.051552028897938,-0.458640850993472,-0.0578769036307579,-0.377495613245095,-0.0478295881050411,-0.511147776007013,-0.0753365090280813,-0.237746162258897,-0.0334664319222211,-0.803592994251116,-0.0998514843510441,-0.419332674023424,-0.0533139266700782,-0.384049555505789,-0.0484388852004681,-0.412147793037878,-0.0522469259581498,-0.34419702806049,-0.0398858097198173,-0.354952467923309,-0.0451100534560864,-0.33697359546982,-0.0424297359918251,-0.375035173627562,-0.0473110186968829,-0.39519841684416,-0.0501969421657433,-0.434326026772219,-0.0549091311118016,-0.517100837397074,-0.0705550030305155,-0.384309566023927,-0.048431096731393,-0.395973522277009,-0.0499429968670114,-0.37848817439387,-0.0484931586371986,-0.446368170173444,-0.0561952475898753,-0.39349183990183,-0.0493538619050062,-0.379742427320395,-0.047643237249045,-0.4193724381563,-0.0525576151183172,-0.396564609786077,-0.0495710620640287,-0.384966323987455,-0.0486554971896649,-0.0897941777377225,-0.0114386401915049,-0.412559991541655,-0.0523641868617363,-0.370477162793173,-0.0467289752009057,-0.385132995014275,-0.048596960859998,-0.373337886206947,-0.047339597102006,-0.375885292078289,-0.0470750518159639,-0.436636279829105,-0.0530643983483428
"18","Max_body_depth->TLDiet","p17",0.041189316093958,0.0203386781823286,0.0408957119391055,0.0201907117353115,0.0407751258385652,0.0201332931015756,0.0415895121180735,0.0205421500338465,0.0411727461958898,0.0203306042047777,0.0410788853712529,0.0202881420179553,0.0408414834681756,0.0201670076128845,0.0410077511371536,0.0202467353222107,0.0411114559602417,0.0202993927314725,0.0410831105854437,0.0202855761635016,0.0411619238340404,0.0203250281142658,0.0413916340645686,0.0204407705150293,0.0422358257437354,0.0208667012053077,0.0415854934833431,0.0205353012288391,0.0410772093552344,0.0202812483299678,0.0415513271374729,0.0205209882596401,0.0414091023076997,0.020440466026748,0.0399540814304584,0.0197194267902943,0.0408727952840458,0.020180581207896,0.0411845542954908,0.0203361988214786,0.0412451052109589,0.0203677068826146,0.0419617991476093,0.0207244741824081,0.0413691878843319,0.0204270968792086,0.0413419851701937,0.0204146303349492,0.0411162603815443,0.0203014517375478,0.0411504034852728,0.0203202404297999,0.0409669051082037,0.0202240918383699,0.0402813287732267,0.0198851153833601,0.0414382350739289,0.0204630264236229,0.0410567986041649,0.0202713921863409,0.0410258081485553,0.0202574474473398,0.0411485538341543,0.0203180643147836,0.0411449525339557,0.0203167659154423,0.0414106488562369,0.0204487134906496,0.0414144927963729,0.0204505192544325,0.0411593073761746,0.0203234570775875,0.0411177887976789,0.0203036231036776,0.0417762814740381,0.0206354286417204,0.0411307634859111,0.0203094041973388,0.0411894790189967,0.0203399315027477,0.0412639951949777,0.0203760829251541,0.0410303288864321,0.0202584175235859,0.0410925462892053,0.0202899266347214,0.0409620592718138,0.0202259091314908
"19","Max_body_width->TLDiet","p18",0.0355047985652241,0.0159310338389099,0.0352332199808726,0.015808690641509,0.0347851756267126,0.0156067897261426,0.0360226911810903,0.01616398910769,0.0354998534974251,0.0159288061226098,0.0349356209358865,0.0156742930717722,0.0353343662635296,0.0158545158778702,0.0351461863782737,0.01576993665404,0.0355652002624624,0.0159581118451302,0.0353873082602702,0.0158782343014845,0.0354645002878899,0.0159129083426059,0.0354568212942055,0.0159095519367897,0.0366330920731227,0.0164383352555608,0.0357321217937976,0.0160335321907181,0.035345101787113,0.0158598079226965,0.0359433840881419,0.0161254553517013,0.0361363854963428,0.0162162875630943,0.0339167091386098,0.0152152688553077,0.034900419261621,0.0156586806654848,0.035495406998134,0.0159268154704859,0.035444175655558,0.0159033504967049,0.0361689145179457,0.0162294922989305,0.0356590178586903,0.0160005970459391,0.0357250631422687,0.0160304334852001,0.0353810223630105,0.0158754486757094,0.0354476388182363,0.0159051457491346,0.0349065462687876,0.0156617967235511,0.0341388225325072,0.0153168614635203,0.0355874887379875,0.0159683542018124,0.0354297410192322,0.0158976451482067,0.0353760965375227,0.0158733632049782,0.0353975726867858,0.0158817264971191,0.035494037129809,0.0159265195158911,0.0356851708714364,0.0160120485090699,0.0355927918698005,0.0159708480104417,0.0354021839396631,0.015884873367381,0.0354519288362852,0.0159074533593493,0.0363681264835041,0.0163193747086501,0.0354088325799024,0.0158880023617898,0.0354853070526517,0.0159219987124599,0.0355674990648624,0.0159591857776439,0.0353181628256912,0.0158470218499023,0.0353312182997612,0.0158531969345968,0.0350555985974659,0.0157292917894809
"20","Lower_jaw_length->TLDiet","p19",0.0789662709640547,0.0680144253384078,0.0789401540273105,0.0679935193146436,0.0790771759173795,0.0681043690203425,0.078942142563239,0.0679953634075548,0.0789688135630049,0.0680170395276638,0.0788987353432216,0.067953601534891,0.0790093672101987,0.0680572125447568,0.079199109554779,0.0681986965194955,0.0790287310591377,0.0680663044491228,0.0789701039426691,0.0680173884000994,0.078966932844982,0.0680149029291584,0.0788109294268459,0.0678817551266383,0.0785859973512192,0.0677079421471275,0.0789073170474243,0.0679603420092316,0.0790539484451337,0.0680830986136347,0.0788469867376616,0.0679253282994198,0.0789107795155661,0.0679640466870746,0.0788469516905052,0.0679191350153699,0.0791681337825078,0.06817593877245,0.0789706076246798,0.0680176642996567,0.0789897548849211,0.0680336770241967,0.0787125890279196,0.0677944288955819,0.0788741561528981,0.0679379449280432,0.0789208639757572,0.067975872151671,0.0789830262182663,0.0680264970505328,0.0789723976415588,0.0680211515054612,0.0789945070880091,0.0680290830288338,0.0793597737634422,0.0683343692377843,0.0789306665506192,0.0679857590770498,0.0789606285538862,0.0680098602195692,0.078994212204933,0.0680408618949562,0.0788732917744882,0.0679376766447652,0.0789880604476203,0.0680326160289654,0.0789044180272781,0.0679621522604115,0.0789243738860938,0.067979186083448,0.0789520829280483,0.0680015388990867,0.0789683888639883,0.068017913404237,0.078872809364079,0.0679386504591807,0.0790350268678773,0.0680703185034181,0.0789368257042539,0.067991341906291,0.0789595846076527,0.068008512797668,0.0789839266253896,0.0680281763512497,0.0789627838848937,0.0680100037847705,0.0789696086633975,0.0680151439450899
"21","Min_caudalpeduncle_depth->TLDiet","p20",-0.00492148475588843,-0.00501445036366606,-0.00491262490907135,-0.00500531637196595,-0.00490378877673267,-0.0049964514777521,-0.00491875116461704,-0.00501191709163728,-0.0049244186877365,-0.00501744693683403,-0.00491975699353298,-0.00501273988864519,-0.00495496630936282,-0.00504877288065688,-0.00495444296104703,-0.00504794188544456,-0.00494916956028391,-0.00504270513114912,-0.00491203343320909,-0.00500479692157299,-0.00492165040498198,-0.00501461310700095,-0.00486739431767963,-0.00495939041748415,-0.00493414418808104,-0.00502712389347476,-0.00495794370994991,-0.00505140241406187,-0.00489817572117746,-0.00499066830005042,-0.00511012164093768,-0.00520619085567635,-0.00477916829244673,-0.0048696130419727,-0.00534101592449382,-0.00544020552731515,-0.00495608131931867,-0.00504964084175947,-0.00491926411541056,-0.00501219289926559,-0.00495339612228317,-0.00504697647858662,-0.00484463203194011,-0.00493637764616927,-0.00487681212973179,-0.00496902866320474,-0.00487447438916226,-0.0049666343279504,-0.00490262003063911,-0.00499521469911946,-0.00494351084836016,-0.00503686587225676,-0.00491464964186263,-0.00500719812587645,-0.00511069287924389,-0.00520673253273981,-0.00488405154782461,-0.00497618429579708,-0.00492063167266289,-0.0050135250225601,-0.0049356129836957,-0.00502890916693996,-0.00497159590836372,-0.00506536014443001,-0.00492454897204442,-0.00501759200033736,-0.00490294015502356,-0.0049955784098806,-0.00491437967931991,-0.00500704779018412,-0.00491637172944653,-0.00500920726161833,-0.00492448023570506,-0.00501756712466106,-0.00473292856101428,-0.00482289575742603,-0.00494845149106402,-0.00504186846892252,-0.00491944559889396,-0.00501240115105748,-0.00492191057454491,-0.00501489426849065,-0.00490587245446067,-0.00499856723471903,-0.00489920875021364,-0.00499172727855627,-0.0049214262802718,-0.00501424222064099
"22","c_m->K","p21",0.0583791597132914,0.231203062066988,0.0574706851695932,0.227198639182264,0.0590444489544529,0.23900875549245,0.0616033364572273,0.24233476001106,0.0580156655709742,0.229643510926807,0.0668991844744286,0.302517428734409,0.062478681224501,0.253425149083789,0.0588466545172888,0.230922809091866,0.0568307875627101,0.219186087823416,0.0582569661943215,0.230802552068554,0.0584766914678144,0.232594424436908,0.0684768528428986,0.301890003281081,0.0741051680595015,0.277552550244551,0.0640704799098935,0.256021023635663,0.0562889322385471,0.222027987106095,0.0525092404826975,0.176452233017042,0.053622930456191,0.18909800482769,0.0580584309671346,0.234128197935697,0.0580325618734942,0.228437541049488,0.0584627802557687,0.232236942303807,0.0599275348635573,0.237186364912934,0.0713674332213573,0.316236129955895,0.0597388174068922,0.235722817226091,0.0607958710322412,0.242563234591381,0.0593995046947709,0.236132905619617,0.0572816190006482,0.225531095474413,0.0615265181785484,0.244599812549531,0.0597024429025778,0.218384749259024,0.0618310052566198,0.246692292871405,0.0582798328750975,0.231466238661749,0.0634703005814945,0.249199629959039,0.0661410197146707,0.265661759820066,0.0591645158494671,0.236598880562396,0.0609790890683173,0.244249209749485,0.0599443461021798,0.240148978485815,0.0592460671859435,0.237785016356558,0.0586090957977867,0.232356307085831,0.0622563360256171,0.245741133746536,0.0566628041485278,0.223157725825414,0.0592977503940103,0.235748529192682,0.0588797740846429,0.233882402461863,0.0576937309483186,0.227712892385029,0.0600357393600319,0.240687905714753,0.0627288622268201,0.260515053095005
"23","c_m->M","p22",0.0618312116083245,0.234909975846114,0.0609073675721347,0.230965573868726,0.0631118427502148,0.245243697845252,0.0656592685808779,0.247938788543374,0.0612967242993004,0.232702321859691,0.0694039357713428,0.300598780304212,0.0645912855040989,0.250955677542695,0.062465772613308,0.235211317254572,0.0599238414800732,0.221617968281685,0.0620032338054405,0.235717057242799,0.0619342553622026,0.236327290438964,0.0694822438782961,0.292660692696528,0.0789706965453029,0.283915321456773,0.068282010918635,0.262088652263375,0.0612862751184913,0.232306336861253,0.0541275998718118,0.174158935222922,0.0573891656255012,0.194161238747901,0.0610439858364214,0.235952452525052,0.0628207363076132,0.237608410273733,0.0619879886327069,0.236232954815178,0.0626418723922888,0.237637855636299,0.0799424379731881,0.342995657365905,0.0627229910047551,0.23728700959393,0.064273691879909,0.246035178198337,0.0630336129233643,0.240468919167548,0.060105665841387,0.22682679079091,0.0636890099636799,0.242498485211553,0.0628515341984772,0.220398394273525,0.0655837750240186,0.251121353697385,0.0619555812217711,0.236111378335049,0.0680822665010187,0.25680742394968,0.0681309100727713,0.262141825057161,0.0626932623291849,0.240519876672694,0.0647974049385379,0.249126872401299,0.0635249080814903,0.244211784265255,0.0626208946670514,0.241085172140386,0.0613915075309912,0.233292246088173,0.0650532328469126,0.246081397244845,0.0607073166675322,0.229504342973923,0.0627200123186316,0.239204650780949,0.0623374787594857,0.237549552322325,0.0611314922916445,0.231458668262567,0.06308928538635,0.242557185410697,0.0664873508119084,0.265046612697256
"24","c_m->Woo","p23",-0.0356346788845797,-0.133254465182699,-0.0369932947875849,-0.138365575418576,-0.0396455709064881,-0.151779710047023,-0.0315980712256733,-0.116673984174063,-0.0357678108723537,-0.133751166989871,-0.0350763236802974,-0.147135763997896,-0.0385936004219255,-0.147334872302138,-0.0383824572057428,-0.142435201674924,-0.0359721109106954,-0.131342694615432,-0.0360485570297513,-0.134906563373076,-0.0357518637962726,-0.134248985349629,-0.0335158751275334,-0.136853959391087,-0.0271101911509637,-0.0942425078221207,-0.0347445822038697,-0.13013790827581,-0.0369677617587787,-0.138098791707285,-0.0377725124868667,-0.121010273762301,-0.0351543837675797,-0.117844713160442,-0.0446449405360713,-0.171176002913355,-0.0404072267384555,-0.150788105340944,-0.0356144349340262,-0.133552085677437,-0.0358947047473284,-0.133929862358177,-0.0287159657616523,-0.11695021164323,-0.0360078083686447,-0.134018336770613,-0.0342271226355286,-0.128455788905909,-0.0367377397562774,-0.137834998378796,-0.0364780454603258,-0.135880103011712,-0.0404678829048404,-0.151944646393871,-0.0493634228063438,-0.172441613288601,-0.0351070723489971,-0.13173428982127,-0.0362636283319894,-0.136048738501893,-0.0392896577916732,-0.14531207277294,-0.0361186088245638,-0.135746143324162,-0.0356885725241216,-0.134601792889591,-0.0345983190054596,-0.130346153126146,-0.0348356660357304,-0.131429182724583,-0.0359540995371077,-0.136092754676165,-0.0363037236223525,-0.135917191419899,-0.0289651794856763,-0.107119316919404,-0.0365478276065538,-0.136252146133532,-0.035185234278757,-0.131902026704968,-0.0352008919278076,-0.131903306290932,-0.036820176877016,-0.137431237323688,-0.0368353084763355,-0.139256236222921,-0.0362844634841991,-0.141379511861979
"25","K->Lm","p24",0.163315334928056,0.396519540336535,0.163198583144113,0.396670582830471,0.16368643169721,0.396879893436284,0.163653826349951,0.396101878317472,0.163334051715493,0.396743220580487,0.165622072576872,0.3945020598536,0.163898016053733,0.395712547821951,0.163256302741783,0.396349191328568,0.16292795916449,0.396616051515118,0.163121130533631,0.396077937493094,0.163356040009955,0.396489573568159,0.165448192988894,0.394180593603806,0.164399319601316,0.394861782211543,0.163994665415115,0.395563700478585,0.163099934093462,0.396831883040422,0.161709091066308,0.396755595356151,0.162186389098699,0.397173445414435,0.163368942974474,0.396366809013392,0.163316226390969,0.396830399332212,0.163351777524244,0.396495299675676,0.163432518367318,0.396134708241625,0.166309625663848,0.394279658517338,0.164137880214675,0.398195707078526,0.163629153895469,0.39615000225477,0.163431885225353,0.396325916637959,0.163124060260752,0.396645967410391,0.163769592230647,0.396311774620054,0.162896259819157,0.396797621508072,0.16370842835349,0.395997600805116,0.163345113260965,0.396548024024461,0.164007921639896,0.396612574897606,0.164247890100034,0.395118219678225,0.163940890391997,0.397616987277926,0.163576505078744,0.395864986067967,0.163556691587911,0.396174542050406,0.163511024473,0.396371375252703,0.16337057715011,0.396518565968985,0.163781004902454,0.396236879202643,0.163135162686156,0.396842536747459,0.163440426141989,0.396382588518138,0.163384805520182,0.396422857160335,0.163250121000331,0.396672887857738,0.163560845248921,0.396188137551325,0.164205383486584,0.395752875584228
"26","K->tm","p25",-0.432515181178447,-0.503637158560702,-0.432515181186905,-0.504210653631223,-0.432515181065395,-0.502864300637083,-0.432515181116208,-0.502009776917624,-0.432515181112695,-0.503849926464182,-0.432515180842969,-0.493696976189655,-0.432515181196004,-0.500720252682758,-0.432515181219462,-0.503624346461503,-0.432515180958274,-0.505036830257046,-0.432515181023431,-0.503718745847252,-0.432515181106031,-0.503466284202911,-0.432515181026125,-0.493834154045451,-0.432515181060966,-0.498053688990308,-0.432515181101066,-0.500242551410879,-0.432515181124598,-0.504744876020469,-0.432515181188147,-0.509281493537934,-0.432515181167436,-0.508200573298839,-0.432515181030321,-0.503266787703575,-0.432515181088168,-0.504027646273111,-0.432515181112619,-0.503487552966049,-0.432515181113057,-0.502773910541461,-0.43251518116169,-0.491302707456008,-0.432515181133902,-0.503042437383712,-0.432515181294513,-0.502149737741537,-0.432515181115177,-0.503015533397223,-0.432515181175997,-0.504419375843199,-0.432515181258763,-0.501877428407427,-0.432515181152638,-0.505363266033006,-0.432515181644932,-0.501703609322798,-0.432515181773435,-0.503575043848698,-0.432515180721285,-0.501465149500218,-0.432515180968255,-0.498851274205348,-0.432515181130638,-0.50293279531039,-0.432515181118053,-0.501979771060931,-0.432515181139056,-0.502419393554232,-0.43251518223433,-0.502810966455145,-0.432515180920588,-0.50344190324513,-0.432515181087576,-0.501749082104738,-0.432515181128282,-0.504635658475139,-0.432515181407414,-0.503057030388645,-0.43251518131863,-0.503290410889015,-0.432515181099735,-0.504040621490508,-0.432515181152659,-0.502417183387635,-0.432515181487988,-0.49978487433571
"27","M->tmax","p26",-0.804798290263745,-1.30677568387796,-0.804757441960621,-1.30830330183998,-0.80488286223075,-1.30393898593598,-0.804872347554844,-1.30188519102513,-0.804792297704655,-1.30763761720851,-0.805122051526498,-1.28347667789432,-0.804953064807217,-1.3013916863921,-0.80475384265193,-1.30620982449901,-0.80473949080476,-1.31083959052073,-0.80478969506327,-1.30657754880527,-0.80480136644047,-1.30629445077949,-0.805136837512253,-1.28719509883744,-0.804904085795462,-1.29205472406857,-0.80494516564996,-1.29640056475899,-0.804702284024981,-1.30714041024102,-0.804383237112175,-1.32323140515755,-0.804705828757813,-1.31814917276891,-0.804895116076093,-1.30705581060363,-0.80480518760831,-1.30557350268008,-0.804783863678008,-1.3063392050753,-0.804803026306529,-1.3056784066688,-0.805414856158341,-1.26355399285334,-0.804825957372615,-1.30609806173637,-0.804846418391495,-1.30284331620295,-0.804815181888457,-1.30467075953654,-0.804706446467604,-1.30982371127873,-0.804785842575836,-1.30422767722229,-0.804755236243806,-1.31184242785769,-0.804875217000214,-1.30134235599715,-0.804808586956394,-1.30630345611069,-0.80500393441355,-1.29941517984684,-0.80504276848541,-1.29653132182077,-0.804835002695697,-1.304953362765,-0.804890401766901,-1.30186696558662,-0.804851448789021,-1.30328574875808,-0.804832782032805,-1.30477172250791,-0.804819575247433,-1.30747228269607,-0.804877839795996,-1.30351158795783,-0.804764913694141,-1.30844851785584,-0.804841545121247,-1.30539563299814,-0.804818225121362,-1.30586362893639,-0.804792942045262,-1.30781540665011,-0.804844133136868,-1.30408167553593,-0.804988912430967,-1.29621414102603
"28","M->tm","p27",0.762354026611257,0.92536942593151,0.762354026416643,0.926508246723969,0.762354026378908,0.92332350143751,0.762354026421117,0.921786964835298,0.762354026442518,0.925980819946867,0.762354026354028,0.908536275409794,0.762354026389577,0.921393744678455,0.762354026492092,0.92510497265636,0.762354026310931,0.928329991540925,0.762354026548631,0.925250926894102,0.762354026423127,0.925037389293375,0.762354026360014,0.911068108497471,0.762354026343849,0.91454560789023,0.762354026424876,0.917934538932361,0.762354026624216,0.925793532789426,0.762354026458251,0.937513799739616,0.76235402649166,0.933671865500666,0.762354026607668,0.925465915260555,0.76235402639846,0.92458458509341,0.762354026442538,0.925045263733737,0.762354026517296,0.924571470085037,0.762354026446942,0.894344162186202,0.762354026415942,0.924821176494051,0.762354026574603,0.922519409892814,0.762354026489162,0.923897253251925,0.762354026482239,0.927596951113845,0.762354026500696,0.923638985438421,0.762354026455826,0.929173199949916,0.762354026735878,0.921434797971857,0.762354026330249,0.925022756703784,0.762354026288056,0.920024447871991,0.76235402633076,0.917893848036878,0.762354026450228,0.924031053032825,0.762354026405378,0.921787535340764,0.762354026460289,0.922851203421577,0.762354027812374,0.923918811579586,0.762354026182481,0.925767949456791,0.762354026483753,0.922839827559235,0.762354026426051,0.926610613810899,0.762354026869186,0.924314690467069,0.762354026759657,0.924699082972681,0.762354026370041,0.926128871930232,0.762354026456202,0.923433648301303,0.762354026772937,0.917742055852221
"29","M->Lm","p28",-0.099398254719131,-0.251569754303923,-0.099270288961366,-0.251544499546881,-0.0998173172109015,-0.252115792699249,-0.0997566648467394,-0.251527632601703,-0.0994317697946894,-0.251827641059762,-0.101748710548429,-0.25303840200199,-0.0999990938744371,-0.252055947229356,-0.0993017139573642,-0.251242855085142,-0.0989723559380784,-0.251253757516644,-0.0991937512649103,-0.250998320871081,-0.099439695597007,-0.251587993981251,-0.101603119914588,-0.253369674751632,-0.100473388505987,-0.251402735712248,-0.100066984514579,-0.251277302017969,-0.0991519764405618,-0.251038903220302,-0.0976074353388552,-0.250112822572078,-0.098214297794957,-0.250694204631237,-0.0994681089524891,-0.251778393026793,-0.0993946039681594,-0.251347952881575,-0.0994360248825671,-0.251580418671211,-0.0995021671962362,-0.251622442938972,-0.102446889237366,-0.250833730832402,-0.1002639289964,-0.253705727073618,-0.0997185112312617,-0.251629580544487,-0.0995090062900418,-0.251457740192257,-0.0991921582176229,-0.251637040956627,-0.0998830637310961,-0.252374116679938,-0.0989565974879279,-0.251443471015375,-0.0997928941009069,-0.251526168287993,-0.0994369254253004,-0.251576578947376,-0.100237628649135,-0.252310722571757,-0.100364300244267,-0.252041785924526,-0.10011357724417,-0.253099850263459,-0.0996230128530586,-0.251174247336962,-0.0996407568044927,-0.251515764035097,-0.0996014728635425,-0.251706673765954,-0.099484084509601,-0.251907286116151,-0.0999196616999747,-0.252247411220086,-0.0992128021439331,-0.251421460640307,-0.0995300389558826,-0.251626598884385,-0.099466863769224,-0.251565959674532,-0.0993390726943705,-0.251622602623651,-0.0996519963545434,-0.251706246513858,-0.100318086808287,-0.251882567621805
"30","Woo->TLDiet","p29",0.0332744376336485,0.0716861412149919,0.0332666372732497,0.0716063851950369,0.0332905878181413,0.0714949520872819,0.0332774548320133,0.0718855590028028,0.0332759237516796,0.0716828609280098,0.0332874366068056,0.0715569482353671,0.033301546040692,0.071561382330342,0.0332842482740965,0.0715969432281368,0.0332740365848546,0.0716965788940022,0.0332728368457932,0.0716646121600619,0.0332750360660218,0.0716759275156866,0.0332838168557104,0.0716791928469804,0.033226277230996,0.072009773508032,0.0332735824463431,0.0717233648143388,0.0332739738360461,0.0716271319260915,0.0332653457555974,0.0717753803133092,0.0332668978652068,0.0718336479657196,0.0332862232070937,0.0711650796904817,0.0332900162629265,0.0714901267430701,0.0332749572983976,0.0716825842680046,0.0332805665555145,0.0716909161429991,0.0332769047113968,0.0718458391405392,0.0332818818501637,0.0716923265205038,0.033266909640601,0.0717280631954329,0.0332740048452501,0.0716297819622944,0.0332728506480743,0.0716520354254855,0.0332764467855009,0.0714225785118273,0.0333032443614906,0.0711840418845468,0.0332671120748777,0.0716776881486286,0.0332757973577941,0.0716504766043228,0.033292444817362,0.0715857817601805,0.0332774528150346,0.0716575123224308,0.0332796137341573,0.0716803442111543,0.0332747068234558,0.0717278914889762,0.0332715341181483,0.071693932339489,0.033275517430588,0.071655288406712,0.0332857506460678,0.0716735232615899,0.0332628020718522,0.071948039676746,0.0332795657524234,0.0716590104720137,0.0332688343215532,0.0716888158402896,0.0332740569196176,0.07170235504156,0.0332796245659644,0.0716449566228335,0.0332749325911689,0.071607130974317,0.0332789931703293,0.0716036738180385
"31","Woo->fecundity","p30",0.598790840306772,0.228446038834068,0.598785675653899,0.228246638704189,0.59880248748545,0.227722825467552,0.598768958580724,0.229045811791966,0.598798152463658,0.22842835247437,0.598703803470237,0.227886112125301,0.598801421145547,0.227855821968153,0.598777539203422,0.228084407727706,0.598806324735276,0.228490566302386,0.598788158653151,0.228387128298725,0.598789715665595,0.228408411568269,0.59871315461542,0.228306667495113,0.598788468408536,0.229830502040094,0.59871359041866,0.22852706625308,0.59875724569198,0.228246166250312,0.599045127641471,0.228964547163631,0.598939486149638,0.229060918519154,0.598804493241626,0.226709587386374,0.59878492128521,0.227704069775184,0.598788469904711,0.228429543198452,0.59877006269193,0.228406813123609,0.598961307713813,0.229028912717604,0.598774705961619,0.22840379212781,0.598763150456014,0.228619312841965,0.598765214834879,0.228256057507132,0.598788659226561,0.228349020822698,0.598729926364545,0.227559397920224,0.598747262262769,0.226610616965598,0.598752898690128,0.228454138005116,0.598787923435986,0.228320193229182,0.598851666400779,0.228027783802462,0.598821334113773,0.228336137861768,0.598791662589504,0.228389139787586,0.598781982566267,0.228571846473032,0.598759906091601,0.228475450997635,0.598776333537683,0.22833182632453,0.598802696258243,0.228328375777525,0.598759791437265,0.229350358132011,0.598803710967393,0.228329498330452,0.598795516366675,0.228498396586754,0.598783906900383,0.228496757486066,0.598818089359373,0.228294118104615,0.598750158947085,0.228169227731226,0.5987403285911,0.228120531968722
"32","habitatbenthopelagic <->habitatbenthopelagic","V[habitatbenthopelagic]",1.22220321692668,1.22220321692668,1.22222605550179,1.22222605550179,1.2214697345399,1.2214697345399,1.22182616453556,1.22182616453556,1.22221404333352,1.22221404333352,1.22271991735191,1.22271991735191,1.22170324568873,1.22170324568873,1.22210432873998,1.22210432873998,1.22240684914991,1.22240684914991,1.2221946057282,1.2221946057282,1.22221167295621,1.22221167295621,1.22290639516349,1.22290639516349,1.22337895523487,1.22337895523487,1.22258960964824,1.22258960964824,1.22164558772279,1.22164558772279,1.22153572047759,1.22153572047759,1.22230065530337,1.22230065530337,1.22255798085744,1.22255798085744,1.22206693350313,1.22206693350313,1.22222938992263,1.22222938992263,1.22199391028055,1.22199391028055,1.22299679640166,1.22299679640166,1.22208043443704,1.22208043443704,1.22238248053126,1.22238248053126,1.22214069296797,1.22214069296797,1.22211613229674,1.22211613229674,1.22194728740266,1.22194728740266,1.2225796155684,1.2225796155684,1.22231425687565,1.22231425687565,1.22225924385909,1.22225924385909,1.2210223617502,1.2210223617502,1.22248505281396,1.22248505281396,1.22223354381755,1.22223354381755,1.2223524192831,1.2223524192831,1.22213862894839,1.22213862894839,1.2222327264581,1.2222327264581,1.22192833011374,1.22192833011374,1.22282280655431,1.22282280655431,1.22219270571734,1.22219270571734,1.22209995848045,1.22209995848045,1.22222828021729,1.22222828021729,1.22211450302749,1.22211450302749,1.22221232577035,1.22221232577035,1.22213951168647,1.22213951168647
"33","habitatdemersal <->habitatdemersal","V[habitatdemersal]",1.37269481810094,1.37269481810094,1.37245260382371,1.37245260382371,1.37345757825466,1.37345757825466,1.37303196785749,1.37303196785749,1.37265733800504,1.37265733800504,1.3746419944239,1.3746419944239,1.37326527444143,1.37326527444143,1.37264948134692,1.37264948134692,1.3728290266597,1.3728290266597,1.37245392265108,1.37245392265108,1.37272365105183,1.37272365105183,1.3745353819694,1.3745353819694,1.37335893037991,1.37335893037991,1.37343222517553,1.37343222517553,1.37248751721658,1.37248751721658,1.37474659247463,1.37474659247463,1.37472034442467,1.37472034442467,1.37233848201145,1.37233848201145,1.37261939886461,1.37261939886461,1.37272819113246,1.37272819113246,1.3731210560787,1.3731210560787,1.37488441743841,1.37488441743841,1.37323558174787,1.37323558174787,1.37288206994221,1.37288206994221,1.37270932495701,1.37270932495701,1.37257319979049,1.37257319979049,1.37257619573399,1.37257619573399,1.37172162188278,1.37172162188278,1.37305736366975,1.37305736366975,1.37268824507011,1.37268824507011,1.37321963367675,1.37321963367675,1.3734844302401,1.3734844302401,1.37287229625221,1.37287229625221,1.37297873319011,1.37297873319011,1.37291834866117,1.37291834866117,1.37288980410907,1.37288980410907,1.37268918005992,1.37268918005992,1.37256350984924,1.37256350984924,1.37237416453901,1.37237416453901,1.37275560636766,1.37275560636766,1.37286581839824,1.37286581839824,1.37262174244896,1.37262174244896,1.3728699731989,1.3728699731989,1.37340924206811,1.37340924206811
"34","habitatpelagic <->habitatpelagic","V[habitatpelagic]",2.42366402997982,2.42366402997982,2.42394329382088,2.42394329382088,2.42718930006379,2.42718930006379,2.42143257917389,2.42143257917389,2.42376505438923,2.42376505438923,2.42341529366602,2.42341529366602,2.42345840473122,2.42345840473122,2.42401138629792,2.42401138629792,2.42012396040761,2.42012396040761,2.42307946420837,2.42307946420837,2.42371184943845,2.42371184943845,2.42695879431627,2.42695879431627,2.43080666729475,2.43080666729475,2.42292673970331,2.42292673970331,2.42266247654909,2.42266247654909,2.42214176095413,2.42214176095413,2.4281702084146,2.4281702084146,2.42558117020626,2.42558117020626,2.42365514027084,2.42365514027084,2.42375382275711,2.42375382275711,2.42275005480368,2.42275005480368,2.42669803657975,2.42669803657975,2.42292669869568,2.42292669869568,2.42315294184893,2.42315294184893,2.42365738015241,2.42365738015241,2.42346364634122,2.42346364634122,2.42234171786458,2.42234171786458,2.42262239781443,2.42262239781443,2.42477692508451,2.42477692508451,2.4238653970668,2.4238653970668,2.42450938320566,2.42450938320566,2.42298711507876,2.42298711507876,2.42361374606979,2.42361374606979,2.42534874577573,2.42534874577573,2.42311315278699,2.42311315278699,2.42385664689826,2.42385664689826,2.4225727701837,2.4225727701837,2.42436211894155,2.42436211894155,2.42477211745196,2.42477211745196,2.42272434517238,2.42272434517238,2.42394462468704,2.42394462468704,2.42328985284817,2.42328985284817,2.42414995477203,2.42414995477203,2.42496967121234,2.42496967121234
"35","c_m <->c_m","V[c_m]",2.20240085962741,2.20240085962741,2.19954115088161,2.19954115088161,2.29382582774061,2.29382582774061,2.15892056027027,2.15892056027027,2.20196063841854,2.20196063841854,2.75911271542234,2.75911271542234,2.28357554329816,2.28357554329816,2.16218522702173,2.16218522702173,2.1003616334276,2.1003616334276,2.20470793200088,2.20470793200088,2.22005203188862,2.22005203188862,2.62398579703133,2.62398579703133,1.92634969268904,1.92634969268904,2.21200406812147,2.21200406812147,2.19433340009873,2.19433340009873,1.62139186196956,1.62139186196956,1.77800288228488,1.77800288228488,2.28014649657044,2.28014649657044,2.17916210738331,2.17916210738331,2.21447362245625,2.21447362245625,2.19210540955571,2.19210540955571,2.62367772118541,2.62367772118541,2.18116543450136,2.18116543450136,2.22206938183945,2.22206938183945,2.21360191953919,2.21360191953919,2.18350990047758,2.18350990047758,2.20380033359038,2.20380033359038,1.89172108553778,1.89172108553778,2.2181062759257,2.2181062759257,2.21440199759259,2.21440199759259,2.14597443360896,2.14597443360896,2.22253108628654,2.22253108628654,2.23929859477539,2.23929859477539,2.2380318183017,2.2380318183017,2.24278259770935,2.24278259770935,2.25449226749784,2.25449226749784,2.20529637953371,2.20529637953371,2.17145647227272,2.17145647227272,2.18661816956345,2.18661816956345,2.21434531677724,2.21434531677724,2.21253162873814,2.21253162873814,2.19098003914732,2.19098003914732,2.24598645399223,2.24598645399223,2.38498908193637,2.38498908193637
"36","tm <->tm","V[tm]",0.10356000560091,0.10356000560091,0.103560005649179,0.103560005649179,0.103560005690649,0.103560005690649,0.103560005704218,0.103560005704218,0.103560005667462,0.103560005667462,0.103560005594147,0.103560005594147,0.103560005768757,0.103560005768757,0.10356000566419,0.10356000566419,0.103560005582093,0.103560005582093,0.103560005411636,0.103560005411636,0.103560005689053,0.103560005689053,0.103560005660946,0.103560005660946,0.103560005676122,0.103560005676122,0.103560005741746,0.103560005741746,0.103560005500893,0.103560005500893,0.103560005773773,0.103560005773773,0.10356000575019,0.10356000575019,0.103560005578979,0.103560005578979,0.103560005704502,0.103560005704502,0.103560005718343,0.103560005718343,0.103560005756354,0.103560005756354,0.10356000568413,0.10356000568413,0.103560005698245,0.103560005698245,0.103560005749999,0.103560005749999,0.103560005756066,0.103560005756066,0.103560005734918,0.103560005734918,0.103560005740908,0.103560005740908,0.103560005703499,0.103560005703499,0.103560005260592,0.103560005260592,0.10356000561807,0.10356000561807,0.103560005737753,0.103560005737753,0.10356000565463,0.10356000565463,0.103560005708042,0.103560005708042,0.103560005748031,0.103560005748031,0.103560005769753,0.103560005769753,0.103560005569012,0.103560005569012,0.103560005734772,0.103560005734772,0.103560005772635,0.103560005772635,0.103560005742997,0.103560005742997,0.103560005727393,0.103560005727393,0.103560005532845,0.103560005532845,0.103560005739027,0.103560005739027,0.10356000575697,0.10356000575697,0.103560005730531,0.103560005730531
"37","Lm <->Lm","V[Lm]",0.023820431680028,0.023820431680028,0.0238224360052308,0.0238224360052308,0.0238121238571558,0.0238121238571558,0.0238150901169346,0.0238150901169346,0.0238191464891233,0.0238191464891233,0.0237819887178714,0.0237819887178714,0.0238104399292495,0.0238104399292495,0.0238224677924185,0.0238224677924185,0.0238279191188827,0.0238279191188827,0.0238245508530758,0.0238245508530758,0.0238197385585402,0.0238197385585402,0.0237840154417613,0.0237840154417613,0.0238040857247088,0.0238040857247088,0.0238109759399582,0.0238109759399582,0.023824711299137,0.023824711299137,0.023852169999555,0.023852169999555,0.0238411970233272,0.0238411970233272,0.0238193734246073,0.0238193734246073,0.0238202807746038,0.0238202807746038,0.0238198199470751,0.0238198199470751,0.0238191344640043,0.0238191344640043,0.0237746262153308,0.0237746262153308,0.0238025286432755,0.0238025286432755,0.0238153999103001,0.0238153999103001,0.0238188496472518,0.0238188496472518,0.0238233501639015,0.0238233501639015,0.0238109797906988,0.0238109797906988,0.023827627424378,0.023827627424378,0.0238144618113369,0.0238144618113369,0.0238198193574894,0.0238198193574894,0.0238049656066658,0.0238049656066658,0.0238054838164934,0.0238054838164934,0.0238042216124114,0.0238042216124114,0.0238182284215672,0.0238182284215672,0.0238169228351516,0.0238169228351516,0.0238170707196247,0.0238170707196247,0.023818187457599,0.023818187457599,0.0238111188153755,0.0238111188153755,0.0238234114635782,0.0238234114635782,0.0238184574851924,0.0238184574851924,0.02381949893844,0.02381949893844,0.0238211332874947,0.0238211332874947,0.0238162883616244,0.0238162883616244,0.0238057678936044,0.0238057678936044
"38","tmax <->tmax","V[tmax]",0.057873661777263,0.057873661777263,0.0578749162150539,0.0578749162150539,0.0578811656567596,0.0578811656567596,0.057869327256407,0.057869327256407,0.0578729289333303,0.0578729289333303,0.0578776239009085,0.0578776239009085,0.0578754323948183,0.0578754323948183,0.0578843186690373,0.0578843186690373,0.0578755271615848,0.0578755271615848,0.0578751535332908,0.0578751535332908,0.057875197889971,0.057875197889971,0.0578670040182218,0.0578670040182218,0.0578383443953382,0.0578383443953382,0.0578836969827554,0.0578836969827554,0.0578805886114365,0.0578805886114365,0.0578746571008182,0.0578746571008182,0.0578911777421628,0.0578911777421628,0.0578748455590842,0.0578748455590842,0.0578829751620669,0.0578829751620669,0.0578697005362726,0.0578697005362726,0.0578717217308727,0.0578717217308727,0.0579081492341377,0.0579081492341377,0.0578690802602259,0.0578690802602259,0.0578723805034282,0.0578723805034282,0.0578783955314488,0.0578783955314488,0.05786907743535,0.05786907743535,0.0578811313669463,0.0578811313669463,0.0578943650891311,0.0578943650891311,0.057873782120828,0.057873782120828,0.0578736074158554,0.0578736074158554,0.057886533030456,0.057886533030456,0.0578809255890256,0.0578809255890256,0.0578729381427346,0.0578729381427346,0.0578736154638682,0.0578736154638682,0.0578754262407651,0.0578754262407651,0.0578746702193798,0.0578746702193798,0.0578648766619571,0.0578648766619571,0.0578577413960401,0.0578577413960401,0.0578759320670603,0.0578759320670603,0.0578701810062656,0.0578701810062656,0.0578734635677499,0.0578734635677499,0.0578757904588771,0.0578757904588771,0.0578767372801089,0.0578767372801089,0.0578823591219669,0.0578823591219669
"39","K <->K","V[K]",0.140418679286962,0.140418679286962,0.140738652838729,0.140738652838729,0.139988050329526,0.139988050329526,0.139512687594871,0.139512687594871,0.140537347784185,0.140537347784185,0.134930549493185,0.134930549493185,0.138796869186332,0.138796869186332,0.140411535174439,0.140411535174439,0.141200246660717,0.141200246660717,0.140464177390035,0.140464177390035,0.140323412927095,0.140323412927095,0.135005543058601,0.135005543058601,0.137322492245532,0.137322492245532,0.138532163268287,0.138532163268287,0.141037042127608,0.141037042127608,0.143583701296146,0.143583701296146,0.142974852039486,0.142974852039486,0.140212229678364,0.140212229678364,0.14063650704108,0.14063650704108,0.140335269043308,0.140335269043308,0.139937729074146,0.139937729074146,0.13362498489083,0.13362498489083,0.140087247763677,0.140087247763677,0.139590490937267,0.139590490937267,0.140072263811492,0.140072263811492,0.140855196961633,0.140855196961633,0.139439135748121,0.139439135748121,0.141382838168391,0.141382838168391,0.139342565513814,0.139342565513814,0.140384044752065,0.140384044752065,0.13921013913203,0.13921013913203,0.137762662040565,0.137762662040565,0.140026188189261,0.140026188189261,0.13949601039741,0.13949601039741,0.139740452285954,0.139740452285954,0.139958356498614,0.139958356498614,0.140309822779774,0.140309822779774,0.139367826819862,0.139367826819862,0.14097601339344,0.14097601339344,0.140095375463249,0.140095375463249,0.140225392774206,0.140225392774206,0.140643748003653,0.140643748003653,0.139739222812945,0.139739222812945,0.138278789952795,0.138278789952795
"40","Woo <->Woo","V[Woo]",0.157499263001396,0.157499263001396,0.157225147551281,0.157225147551281,0.156502886922446,0.156502886922446,0.158346968358217,0.158346968358217,0.157470465893539,0.157470465893539,0.156805424832287,0.156805424832287,0.156687688308197,0.156687688308197,0.157008720637258,0.157008720637258,0.15754843016361,0.15754843016361,0.157420278631489,0.157420278631489,0.157448491294684,0.157448491294684,0.157379395878945,0.157379395878945,0.159406717490582,0.159406717490582,0.15767123337702,0.15767123337702,0.157242220994525,0.157242220994525,0.157977504386665,0.157977504386665,0.158223589306321,0.158223589306321,0.155103460117265,0.155103460117265,0.156485268401758,0.156485268401758,0.15747850321583,0.15747850321583,0.157458953078687,0.157458953078687,0.158181364329201,0.158181364329201,0.157453941366,0.157453941366,0.157757870651182,0.157757870651182,0.157255331522474,0.157255331522474,0.157364422038525,0.157364422038525,0.156322829830331,0.156322829830331,0.155018482511161,0.155018482511161,0.157533858415782,0.157533858415782,0.15732941800314,0.15732941800314,0.156883633968411,0.156883633968411,0.157345697978999,0.157345697978999,0.157423177023068,0.157423177023068,0.157681163926825,0.157681163926825,0.157562114265554,0.157562114265554,0.157353197825682,0.157353197825682,0.157333254250106,0.157333254250106,0.158769832633028,0.158769832633028,0.157329218220154,0.157329218220154,0.157566288385949,0.157566288385949,0.157574326687066,0.157574326687066,0.157267596187049,0.157267596187049,0.157147128237892,0.157147128237892,0.157092282970651,0.157092282970651
"41","M <->M","V[M]",0.152583987783797,0.152583987783797,0.152959778913229,0.152959778913229,0.151910029671393,0.151910029671393,0.151404852230244,0.151404852230244,0.152785679841479,0.152785679841479,0.147083248406728,0.147083248406728,0.151275705921303,0.151275705921303,0.152496789086339,0.152496789086339,0.153561883881358,0.153561883881358,0.152544911464916,0.152544911464916,0.152474508718159,0.152474508718159,0.147904149366553,0.147904149366553,0.149035389052329,0.149035389052329,0.150141963668758,0.150141963668758,0.152723881478688,0.152723881478688,0.156615235275864,0.156615235275864,0.155334245998523,0.155334245998523,0.152615809625928,0.152615809625928,0.152325273269051,0.152325273269051,0.152477104662722,0.152477104662722,0.152320951934272,0.152320951934272,0.14252400631282,0.14252400631282,0.15240324007453,0.15240324007453,0.151645558165888,0.151645558165888,0.152098881702537,0.152098881702537,0.153319464583113,0.153319464583113,0.152013857599768,0.152013857599768,0.153840973290168,0.153840973290168,0.151289185715366,0.151289185715366,0.152469684890621,0.152469684890621,0.150826413907749,0.150826413907749,0.150128652661859,0.150128652661859,0.152142939080506,0.152142939080506,0.151405039713317,0.151405039713317,0.151754659604458,0.151754659604458,0.152105979169145,0.152105979169145,0.152715441388827,0.152715441388827,0.151750918303947,0.151750918303947,0.152993581039661,0.152993581039661,0.152236355836769,0.152236355836769,0.152363002250151,0.152363002250151,0.152834540666958,0.152834540666958,0.151946275780276,0.151946275780276,0.150079003126941,0.150079003126941
"42","TLDiet <->TLDiet","V[TLDiet]",0.033933571197863,0.033933571197863,0.0339340984784758,0.0339340984784758,0.0339323955969628,0.0339323955969628,0.0339333432086721,0.0339333432086721,0.03393350287871,0.03393350287871,0.0339326804443363,0.0339326804443363,0.0339317472694076,0.0339317472694076,0.0339322234919812,0.0339322234919812,0.033933463825526,0.033933463825526,0.0339336696746454,0.0339336696746454,0.0339335213830521,0.0339335213830521,0.0339334415788947,0.0339334415788947,0.0339380666128402,0.0339380666128402,0.0339336267044343,0.0339336267044343,0.0339330883459693,0.0339330883459693,0.0339334743270235,0.0339334743270235,0.0339343861853646,0.0339343861853646,0.0339325617843685,0.0339325617843685,0.0339319907329783,0.0339319907329783,0.033933525607981,0.033933525607981,0.0339328643397386,0.0339328643397386,0.0339342238274826,0.0339342238274826,0.0339331312692745,0.0339331312692745,0.033934210110974,0.033934210110974,0.0339334699038677,0.0339334699038677,0.0339335665688765,0.0339335665688765,0.0339332339577427,0.0339332339577427,0.0339305798389751,0.0339305798389751,0.0339340842672651,0.0339340842672651,0.0339335042467207,0.0339335042467207,0.0339324699778678,0.0339324699778678,0.0339337278014329,0.0339337278014329,0.0339332191869532,0.0339332191869532,0.0339337740216198,0.0339337740216198,0.0339338119628662,0.0339338119628662,0.0339335043093593,0.0339335043093593,0.0339328024838039,0.0339328024838039,0.033934989499112,0.033934989499112,0.0339330637209697,0.0339330637209697,0.0339340472304723,0.0339340472304723,0.0339336151523517,0.0339336151523517,0.0339332015875832,0.0339332015875832,0.0339334698577812,0.0339334698577812,0.0339331828503664,0.0339331828503664
"43","Loo <->Loo","V[Loo]",0.137744247079584,0.137744247079584,0.137734259225943,0.137734259225943,0.13770004709541,0.13770004709541,0.137750169117746,0.137750169117746,0.137752334155965,0.137752334155965,0.137532673803914,0.137532673803914,0.137725989615568,0.137725989615568,0.137697803477187,0.137697803477187,0.137767464248703,0.137767464248703,0.137737227572677,0.137737227572677,0.137738162784168,0.137738162784168,0.137598213938944,0.137598213938944,0.137722913070953,0.137722913070953,0.137672949346126,0.137672949346126,0.137718966852383,0.137718966852383,0.137774358680483,0.137774358680483,0.137852384013618,0.137852384013618,0.13768466490978,0.13768466490978,0.137699745641494,0.137699745641494,0.137740520673227,0.137740520673227,0.137719140747859,0.137719140747859,0.13759946795745,0.13759946795745,0.137736590471787,0.137736590471787,0.137722294702486,0.137722294702486,0.137712330475948,0.137712330475948,0.137742661737168,0.137742661737168,0.137681294259823,0.137681294259823,0.137675611762378,0.137675611762378,0.137764369334275,0.137764369334275,0.137742341654556,0.137742341654556,0.137704782714735,0.137704782714735,0.137640108805056,0.137640108805056,0.137736148080565,0.137736148080565,0.137732558687825,0.137732558687825,0.137749504270033,0.137749504270033,0.137721703006783,0.137721703006783,0.137758515582253,0.137758515582253,0.137811626549682,0.137811626549682,0.137752935239329,0.137752935239329,0.137736950731149,0.137736950731149,0.137740046906218,0.137740046906218,0.1377348794333,0.1377348794333,0.137724898072787,0.137724898072787,0.137633509566692,0.137633509566692
"44","fecundity <->fecundity","V[fecundity]",1.08208545298072,1.08208545298072,1.08207168977542,1.08207168977542,1.08212247549345,1.08212247549345,1.08214036805673,1.08214036805673,1.08208157171746,1.08208157171746,1.08230433881344,1.08230433881344,1.08213204642702,1.08213204642702,1.08209049645499,1.08209049645499,1.08205737572719,1.08205737572719,1.08209112692319,1.08209112692319,1.08208899846397,1.08208899846397,1.08230156103662,1.08230156103662,1.08202711339666,1.08202711339666,1.08221963480909,1.08221963480909,1.08209091327665,1.08209091327665,1.08137878791773,1.08137878791773,1.08177048463311,1.08177048463311,1.08206117433878,1.08206117433878,1.08211541577591,1.08211541577591,1.08209052415544,1.08209052415544,1.08210500978919,1.08210500978919,1.08186290769181,1.08186290769181,1.08211597485564,1.08211597485564,1.08211977912453,1.08211977912453,1.08211615144516,1.08211615144516,1.0820700498189,1.0820700498189,1.08216825098858,1.08216825098858,1.08220629575416,1.08220629575416,1.08210925207167,1.08210925207167,1.08209989523369,1.08209989523369,1.08203331497198,1.08203331497198,1.08218148725205,1.08218148725205,1.08210465355222,1.08210465355222,1.08211094933888,1.08211094933888,1.08212675897768,1.08212675897768,1.08211128408684,1.08211128408684,1.08210211380974,1.08210211380974,1.08211744544061,1.08211744544061,1.08206738243815,1.08206738243815,1.08206679633202,1.08206679633202,1.0820955627976,1.0820955627976,1.08203080887493,1.08203080887493,1.08214034121975,1.08214034121975,1.08218901835445,1.08218901835445
"45","Min_caudalpeduncle_depth <->Min_caudalpeduncle_depth","V[Min_caudalpeduncle_depth]",0.0352276726929958,0.0352276726929958,0.0352267169958321,0.0352267169958321,0.0352268945398499,0.0352268945398499,0.0352309781413527,0.0352309781413527,0.0352277031533768,0.0352277031533768,0.035227449660746,0.035227449660746,0.035228688911792,0.035228688911792,0.0352250279114269,0.0352250279114269,0.0352282179619115,0.0352282179619115,0.0352274428889573,0.0352274428889573,0.0352275361893333,0.0352275361893333,0.0352282803812018,0.0352282803812018,0.0352291854536682,0.0352291854536682,0.0352250022465678,0.0352250022465678,0.0352267094157921,0.0352267094157921,0.0352213519026172,0.0352213519026172,0.0352309418734541,0.0352309418734541,0.0352046083824995,0.0352046083824995,0.0352252003570773,0.0352252003570773,0.0352276973832945,0.0352276973832945,0.0352271057078326,0.0352271057078326,0.0352316579886452,0.0352316579886452,0.0352285598890592,0.0352285598890592,0.0352295041470857,0.0352295041470857,0.035227361760527,0.035227361760527,0.0352272950949696,0.0352272950949696,0.0352232704444513,0.0352232704444513,0.0352178023823699,0.0352178023823699,0.0352264248531913,0.0352264248531913,0.0352268142177359,0.0352268142177359,0.0352274218608528,0.0352274218608528,0.0352257773545353,0.0352257773545353,0.0352275816059128,0.0352275816059128,0.0352282069310105,0.0352282069310105,0.0352256251311899,0.0352256251311899,0.03522713219111,0.03522713219111,0.0352277831225779,0.0352277831225779,0.0352373768345116,0.0352373768345116,0.0352263350478123,0.0352263350478123,0.0352285669782647,0.0352285669782647,0.0352278594144862,0.0352278594144862,0.035227628465495,0.035227628465495,0.0352271964057545,0.0352271964057545,0.0352251821890917,0.0352251821890917
"46","Lower_jaw_length <->Lower_jaw_length","V[Lower_jaw_length]",0.0251737766164362,0.0251737766164362,0.0251753442727944,0.0251753442727944,0.0251687801266778,0.0251687801266778,0.0251748811776602,0.0251748811776602,0.0251740399546724,0.0251740399546724,0.0251711490709255,0.0251711490709255,0.0251766169035012,0.0251766169035012,0.0251607666150635,0.0251607666150635,0.0251722780290528,0.0251722780290528,0.0251735992428436,0.0251735992428436,0.025173671193446,0.025173671193446,0.0251745163517728,0.0251745163517728,0.0251927738510979,0.0251927738510979,0.0251713689525835,0.0251713689525835,0.0251683579487517,0.0251683579487517,0.0251838206965755,0.0251838206965755,0.0251724675654674,0.0251724675654674,0.0251785737546901,0.0251785737546901,0.0251634844260247,0.0251634844260247,0.0251733754713214,0.0251733754713214,0.025172530541193,0.025172530541193,0.0251731485224744,0.0251731485224744,0.0251755690982001,0.0251755690982001,0.0251746626424584,0.0251746626424584,0.0251719550742551,0.0251719550742551,0.0251748458777207,0.0251748458777207,0.0251663770239683,0.0251663770239683,0.0251575774988688,0.0251575774988688,0.0251756385734976,0.0251756385734976,0.0251739451481282,0.0251739451481282,0.0251747137759569,0.0251747137759569,0.0251763646488803,0.0251763646488803,0.0251730886201028,0.0251730886201028,0.0251746690053863,0.0251746690053863,0.0251745826419969,0.0251745826419969,0.0251732337974568,0.0251732337974568,0.0251744379937739,0.0251744379937739,0.0251783305159599,0.0251783305159599,0.0251709395977865,0.0251709395977865,0.0251758167737978,0.0251758167737978,0.0251736955745126,0.0251736955745126,0.0251724248956819,0.0251724248956819,0.0251726516600541,0.0251726516600541,0.0251718925169348,0.0251718925169348
"47","Max_body_depth <->Max_body_depth","V[Max_body_depth]",0.00827381592776559,0.00827381592776559,0.00827149528349029,0.00827149528349029,0.00827281921092008,0.00827281921092008,0.00827848358365841,0.00827848358365841,0.00827388716993471,0.00827388716993471,0.00827685635005247,0.00827685635005247,0.00827344018314345,0.00827344018314345,0.00827161711865098,0.00827161711865098,0.00827310564349169,0.00827310564349169,0.00827330214880436,0.00827330214880436,0.00827370268712924,0.00827370268712924,0.00827555805904497,0.00827555805904497,0.00828385929548135,0.00828385929548135,0.0082746324999731,0.0082746324999731,0.00827200694449215,0.00827200694449215,0.00827665918825987,0.00827665918825987,0.00826856134613106,0.00826856134613106,0.00826576246855277,0.00826576246855277,0.00827195188148579,0.00827195188148579,0.00827370061434445,0.00827370061434445,0.00827484679775076,0.00827484679775076,0.00827745369239814,0.00827745369239814,0.00827338517286446,0.00827338517286446,0.00827443085623079,0.00827443085623079,0.00827285182569281,0.00827285182569281,0.00827444735210557,0.00827444735210557,0.00826983790419511,0.00826983790419511,0.00826875140531533,0.00826875140531533,0.00827510216891564,0.00827510216891564,0.00827228898889837,0.00827228898889837,0.00827314480386288,0.00827314480386288,0.00827345825938384,0.00827345825938384,0.00827372505443199,0.00827372505443199,0.00827446784365466,0.00827446784365466,0.00827440233496654,0.00827440233496654,0.00827347130453521,0.00827347130453521,0.00827384369744317,0.00827384369744317,0.00827971040500145,0.00827971040500145,0.00827339760720624,0.00827339760720624,0.00827488628520987,0.00827488628520987,0.00827425651368184,0.00827425651368184,0.00827229238355631,0.00827229238355631,0.00827300178214225,0.00827300178214225,0.00827326885098886,0.00827326885098886
"48","Max_body_width <->Max_body_width","V[Max_body_width]",0.00683192958746657,0.00683192958746657,0.00683161599778334,0.00683161599778334,0.00683051231765773,0.00683051231765773,0.00683237095851077,0.00683237095851077,0.00683190823235921,0.00683190823235921,0.00683057335065837,0.00683057335065837,0.00683152372952277,0.00683152372952277,0.00683149572577408,0.00683149572577408,0.00683188717420481,0.00683188717420481,0.00683187924943273,0.00683187924943273,0.00683188209959217,0.00683188209959217,0.00683194260361113,0.00683194260361113,0.00683369528669837,0.00683369528669837,0.00683236537097264,0.00683236537097264,0.00683220298900041,0.00683220298900041,0.00682990046417927,0.00682990046417927,0.00683366131855174,0.00683366131855174,0.00682886451005082,0.00682886451005082,0.00683059264550898,0.00683059264550898,0.00683191666468367,0.00683191666468367,0.00683137335636178,0.00683137335636178,0.00683245591432565,0.00683245591432565,0.00683215261195815,0.00683215261195815,0.00683254132823475,0.00683254132823475,0.0068318690219523,0.0068318690219523,0.00683172208324941,0.00683172208324941,0.00683116311346382,0.00683116311346382,0.00683020555602475,0.00683020555602475,0.00683221875534821,0.00683221875534821,0.00683216510426813,0.00683216510426813,0.00683177508368852,0.00683177508368852,0.00683093311097327,0.00683093311097327,0.00683212840557328,0.00683212840557328,0.00683203993743936,0.00683203993743936,0.00683226168663041,0.00683226168663041,0.00683181530858095,0.00683181530858095,0.0068318969749397,0.0068318969749397,0.00683302312093966,0.00683302312093966,0.00683185196334857,0.00683185196334857,0.00683177718913245,0.00683177718913245,0.00683195399393147,0.00683195399393147,0.00683162378225147,0.00683162378225147,0.00683195116846325,0.00683195116846325,0.00683169014599489,0.00683169014599489
"49","Temperature <->Temperature","V[Temperature]",14.2596678251951,14.2596678251951,14.2596608097777,14.2596608097777,14.2596724963162,14.2596724963162,14.2596530319278,14.2596530319278,14.2596720322114,14.2596720322114,14.2594978329683,14.2594978329683,14.2596956540103,14.2596956540103,14.259694391323,14.259694391323,14.2596655518922,14.2596655518922,14.2596673824366,14.2596673824366,14.2596647133944,14.2596647133944,14.2594934262561,14.2594934262561,14.2595688210047,14.2595688210047,14.2596202227566,14.2596202227566,14.2596871904008,14.2596871904008,14.2596791108451,14.2596791108451,14.2596336865046,14.2596336865046,14.2596733249977,14.2596733249977,14.2596995783779,14.2596995783779,14.2596651051949,14.2596651051949,14.259663536229,14.259663536229,14.2594498708918,14.2594498708918,14.2596476294713,14.2596476294713,14.2596345425627,14.2596345425627,14.2596641913066,14.2596641913066,14.2596751877223,14.2596751877223,14.2596830271428,14.2596830271428,14.2597900882296,14.2597900882296,14.2596429412074,14.2596429412074,14.2596636332866,14.2596636332866,14.2597287443059,14.2597287443059,14.2596294157469,14.2596294157469,14.2596732668326,14.2596732668326,14.2596421082271,14.2596421082271,14.2596490888088,14.2596490888088,14.2596536215925,14.2596536215925,14.2597010722813,14.2597010722813,14.2596141072222,14.2596141072222,14.2596945638408,14.2596945638408,14.2596526112454,14.2596526112454,14.259658347991,14.259658347991,14.2596747957224,14.2596747957224,14.2596434222389,14.2596434222389,14.2594288372007,14.2594288372007
